title,location,url,section_header_style,about_label,impact_label,fit_label,word_count,li_total,ul_count,empty_paragraphs,br_tags,inline_styles,em_or_i_count,preamble_present
Autonomy Engineer - Deep Learning,"San Mateo, California, United States - Full-time",https://www.skydio.com/jobs/cc83824e-a1cd-4bc7-9206-7264da9fbd61/?gh_jid=cc83824e-a1cd-4bc7-9206-7264da9fbd61,p>strong,About the role,How you'll make an impact,What makes you a good fit,365,14,2,0,0,0,0,True
Autonomy Engineer - Deep Learning,"Zurich, Switzerland - Full-time",https://www.skydio.com/jobs/1208ec60-0fb6-4e5d-bf1f-af1312139a84/?gh_jid=1208ec60-0fb6-4e5d-bf1f-af1312139a84,p>strong,About the role,How you'll make an impact,What makes you a good fit,479,14,2,0,1,0,0,True
Autonomy Engineer - Deep Learning Infrastructure,"San Mateo, California, United States - Full-time",https://www.skydio.com/jobs/dcb04687-9b4f-425d-8c37-1111cf3ccf3d/?gh_jid=dcb04687-9b4f-425d-8c37-1111cf3ccf3d,p>strong,,,What makes you a good fit,481,17,2,1,8,0,0,True
Autonomy Engineer - Deep Learning Infrastructure,"Zurich, Switzerland - Full-time",https://www.skydio.com/jobs/06234e2e-6285-43ce-9ae5-417cbfb85436/?gh_jid=06234e2e-6285-43ce-9ae5-417cbfb85436,p>strong,About the role: Learning a semantic and geometric understand…,About the role: Learning a semantic and geometric understand…,What makes you a good fit,562,17,2,0,6,0,0,True
Autonomy Engineer - Deep Learning Model Acceleration,"Zurich, Switzerland - Full-time",https://www.skydio.com/jobs/0aff9e3d-6c59-4463-845c-850b78b48172/?gh_jid=0aff9e3d-6c59-4463-845c-850b78b48172,p>strong,About the role: Learning a semantic and geometric understand…,About the role: Learning a semantic and geometric understand…,What makes you a good fit,563,17,2,0,6,0,0,True
Autonomy Engineer - Deep Learning Model Acceleration,"San Mateo, California, United States - Full-time",https://www.skydio.com/jobs/cd6d8410-419b-4713-8d4d-7eb72b134d5a/?gh_jid=cd6d8410-419b-4713-8d4d-7eb72b134d5a,p>strong,About the role: Learning a semantic and geometric understand…,About the role: Learning a semantic and geometric understand…,What makes you a good fit,449,17,2,0,6,0,0,True
Autonomy Engineer - Fixed Wing Planning & Controls,"San Mateo, California, United States - Full-time",https://www.skydio.com/jobs/20754382-05e7-4cb6-a0f9-0daf9338ba78/?gh_jid=20754382-05e7-4cb6-a0f9-0daf9338ba78,p>strong,About the Role,How You'll Make an Impact,What Makes You a Good Fit,260,12,2,0,0,0,0,True
Autonomy Engineer - ML & DL Infrastructure,"Zurich, Switzerland - Full-time",https://www.skydio.com/jobs/7a611e90-4034-4e35-acce-388f48f7d3c0/?gh_jid=7a611e90-4034-4e35-acce-388f48f7d3c0,p>strong,About the Role,How You’ll Make an Impact,What Makes You a Good Fit,565,13,3,3,0,0,0,True
Autonomy Engineer - ML & DL Infrastructure,"San Mateo, California, United States - Full-time",https://www.skydio.com/jobs/b6be08f7-89c0-48dd-b427-f587f23dbf34/?gh_jid=b6be08f7-89c0-48dd-b427-f587f23dbf34,p>strong,About the Role,How You’ll Make an Impact,What Makes You a Good Fit,454,13,3,3,0,0,0,True
Autonomy Engineer - Planning and Controls,"Zurich, Switzerland - Full-time",https://www.skydio.com/jobs/d5a3ac9c-7b50-4e51-9600-f3c3105652cd/?gh_jid=d5a3ac9c-7b50-4e51-9600-f3c3105652cd,p>strong,About the role,,What makes you a good fit,341,11,2,0,2,0,0,True
Autonomy Engineer Intern - Computer Vision/Deep Learning Fall 2026,"Zurich, Switzerland - Intern",https://www.skydio.com/jobs/611a7f87-bc4c-468f-976f-ecd33b731fa3/?gh_jid=611a7f87-bc4c-468f-976f-ecd33b731fa3,p>strong,About the role,How you'll make an impact,What makes you a strong fit,452,8,2,0,1,0,0,True
Autonomy Engineer Intern - Computer Vision/Deep Learning Fall 2026,"San Mateo, California, United States - Intern",https://www.skydio.com/jobs/c84945f0-b8e0-4272-b636-265d6611a8eb/?gh_jid=c84945f0-b8e0-4272-b636-265d6611a8eb,p>strong,About the role,How you'll make an impact,What makes you a strong fit,341,8,2,0,1,0,0,True
Autonomy Engineer Intern - Deep Learning (Computational Photography),"Zurich, Switzerland - Intern",https://www.skydio.com/jobs/92a7a891-d332-459c-9aa8-e96afea4f2a4/?gh_jid=92a7a891-d332-459c-9aa8-e96afea4f2a4,p>strong,About the role,How you'll make an impact,What makes you a good fit,567,15,2,0,0,0,0,True
Autonomy Engineer Intern - Deep Learning (Computational Photography),"San Mateo, California, United States - Intern",https://www.skydio.com/jobs/d13e3179-e646-4873-84a6-d492a692bc25/?gh_jid=d13e3179-e646-4873-84a6-d492a692bc25,p>strong,About the role,How you'll make an impact,What makes you a good fit,567,15,2,0,0,0,0,True
Autonomy Engineer Intern Fall 2026,"San Mateo, California, United States - Intern",https://www.skydio.com/jobs/17f6173b-c96f-4b02-a6b5-da0a91ad95e5/?gh_jid=17f6173b-c96f-4b02-a6b5-da0a91ad95e5,p>strong,About the role,How you'll make an impact,What makes you a good fit,279,8,2,0,0,0,0,True
Autonomy Engineer Intern Fall 2026,"Zurich, Switzerland - Intern",https://www.skydio.com/jobs/c48dabe8-cb67-4694-aacc-f9ef4d34ae50/?gh_jid=c48dabe8-cb67-4694-aacc-f9ef4d34ae50,p>strong,About the role,How you'll make an impact,What makes you a good fit,390,8,2,0,0,0,0,True
Autonomy Software Engineer,"San Mateo, California, United States - Full-time",https://www.skydio.com/jobs/a48fe41b-030b-4f11-bf25-df7446151854/?gh_jid=a48fe41b-030b-4f11-bf25-df7446151854,p>strong,"About the role: As an Autonomy Engineer, your primary goal w…","About the role: As an Autonomy Engineer, your primary goal w…",What makes you a good fit,392,12,2,0,4,0,0,True
CSM Manager - Public Safety (Major Markets),US Remote - Full-time,https://www.skydio.com/jobs/f749f019-6c19-44ee-be4e-8434d231b9bf/?gh_jid=f749f019-6c19-44ee-be4e-8434d231b9bf,p>strong,About the Team,How you’ll make an impact,What makes you a good fit,513,18,2,4,0,0,0,True
"Customer Success Manager, DFR Majors - Southeast",US Remote - Full-time,https://www.skydio.com/jobs/3d4ac015-a6db-4a8d-9fec-557eb92eaf8d/?gh_jid=3d4ac015-a6db-4a8d-9fec-557eb92eaf8d,p>strong,About the Team,Location: This role is ideally suited for candidates based i…,What makes you a good fit,496,19,3,0,0,0,0,True
"Customer Success Manager, DFR Mid-Market - Northeast",US Remote - Full-time,https://www.skydio.com/jobs/5c7a2b78-99d8-44f4-8c51-258c331a331d/?gh_jid=5c7a2b78-99d8-44f4-8c51-258c331a331d,p>strong,About the Team,Location Preference: We are ideally seeking someone who can …,Requirements,508,18,3,5,0,0,0,True
Deployment Engineer - Southeast,US Remote - Full-time,https://www.skydio.com/jobs/6138ba1c-c048-407d-9ea2-7b51a3d38756/?gh_jid=6138ba1c-c048-407d-9ea2-7b51a3d38756,p>strong,About the Team,How you’ll make an impact,What makes you a good fit,595,23,3,5,0,0,0,True
"Director of Product Management, Drone as First Responder (DFR)","San Mateo, California, United States - Full-time",https://www.skydio.com/jobs/129a5bad-ca1d-4eda-843b-96f4581f3c43/?gh_jid=129a5bad-ca1d-4eda-843b-96f4581f3c43,p>strong,About the role: As the Director of Product Management for Sk…,About the role: As the Director of Product Management for Sk…,What makes you a good fit,601,20,3,0,4,0,0,True
"Director, Global Supply Management - Mechanicals","San Mateo, California, United States - Full-time",https://www.skydio.com/jobs/eb7fbbdb-3346-4f7f-a202-8bfd3441217a/?gh_jid=eb7fbbdb-3346-4f7f-a202-8bfd3441217a,p>strong,About the role,What you will do,Desired Qualifications,612,0,0,3,0,0,0,True
"Director, Growth Marketing - Commercial","San Mateo, California, United States - Full-time",https://www.skydio.com/jobs/00d0bdc5-89ad-4182-8512-ab0a028953f6/?gh_jid=00d0bdc5-89ad-4182-8512-ab0a028953f6,p>strong,About the role,Key Responsibilities,What Would Make You a Good Fit,596,23,6,2,8,0,1,True
Electrical Engineer (Sustaining/Validation),"San Mateo, California, United States - Full-time",https://www.skydio.com/jobs/8e50c7da-2868-4383-af1f-920584d537fc/?gh_jid=8e50c7da-2868-4383-af1f-920584d537fc,p>strong,About the role,,What makes you a good fit,295,14,2,0,1,0,0,True
Electrical Engineer (all levels),"San Mateo, California, United States - Full-time",https://www.skydio.com/jobs/f0c26a3c-d999-4dc2-8812-b3835f633ded/?gh_jid=f0c26a3c-d999-4dc2-8812-b3835f633ded,p>strong,About the role,,What makes you a good fit,244,13,2,0,2,0,0,True
Engineering Manager - Autonomy,"San Mateo, California, United States - Full-time",https://www.skydio.com/jobs/849ae77c-5ca2-42b5-812b-8b3ad4524a89/?gh_jid=849ae77c-5ca2-42b5-812b-8b3ad4524a89,p>strong,About the role,How you'll make an impact,What makes you a good fit,338,10,2,0,1,0,0,True
Enterprise Account Manager (MoD/ MoI) – EMEA (Finland),"Tampere, Finland - Full-time",https://www.skydio.com/jobs/d6f731e8-c530-4123-8b52-0e7cab164887/?gh_jid=d6f731e8-c530-4123-8b52-0e7cab164887,p>strong,About the Role,How You’ll Make an Impact,What Makes You a Good Fit,602,22,2,0,2,0,0,True
Enterprise Account Manager (MoD/ MoI) – EMEA (Germany),Germany - Full-time,https://www.skydio.com/jobs/12e9a494-9a89-457c-9dc7-2ef9ccdba17c/?gh_jid=12e9a494-9a89-457c-9dc7-2ef9ccdba17c,p>strong,About the Role,How You’ll Make an Impact,What Makes You a Good Fit,602,22,2,0,2,0,0,True
Enterprise Account Manager (MoD/ MoI) – EMEA (Switzerland),"Zurich, Switzerland - Full-time",https://www.skydio.com/jobs/1d4977a2-c2e7-44ad-820b-253ff8355800/?gh_jid=1d4977a2-c2e7-44ad-820b-253ff8355800,p>strong,About the Role,How You’ll Make an Impact,What Makes You a Good Fit,602,22,2,0,2,0,0,True
"Enterprise Account Manager,  US Navy, US Marine Corps, and IC/SOCOM",US Remote - Full-time,https://www.skydio.com/jobs/e69362bc-5891-486e-be75-6bf25187ccf5/?gh_jid=e69362bc-5891-486e-be75-6bf25187ccf5,p>strong,About the Role,How You’ll Make an Impact,What Makes You a Good Fit,508,20,2,0,0,0,0,True
"Enterprise Account Manager, US Army",US Remote - Full-time,https://www.skydio.com/jobs/19559b4c-ed09-41eb-b1aa-f000a855b8fe/?gh_jid=19559b4c-ed09-41eb-b1aa-f000a855b8fe,p>strong,About the Role,How You’ll Make an Impact,What Makes You a Good Fit,474,20,2,0,0,0,0,True
Field Support Representative,US Remote - Full-time,https://www.skydio.com/jobs/b053b0e2-005c-4e77-95f3-26c7354e6095/?gh_jid=b053b0e2-005c-4e77-95f3-26c7354e6095,p>strong,About the team,How you’ll make an impact,What makes you a good fit,513,18,2,0,0,0,0,True
"Field Support Representative (Southwest, Remote)",US Remote - Full-time,https://www.skydio.com/jobs/9b93e7c2-e5d5-48b2-a2d2-8df71e0d8357/?gh_jid=9b93e7c2-e5d5-48b2-a2d2-8df71e0d8357,p>strong,About the role,"Location: Southwest (CA,NV,NM,AZ) United States, along with …",What makes you a good fit,712,22,4,2,0,0,0,True
GTM Data Engineer Intern,"San Mateo, California, United States - Intern",https://www.skydio.com/jobs/b90b9b3b-e326-4fb6-85bd-fe52bec5f180/?gh_jid=b90b9b3b-e326-4fb6-85bd-fe52bec5f180,p>strong,About the role: Join Skydio’s GTM AI team to build the data …,About the role: Join Skydio’s GTM AI team to build the data …,AI data infrastructure: Design and build structured datasets…,456,18,4,2,3,0,0,True
GTM Enablement Associate,"San Mateo, California, United States - Full-time",https://www.skydio.com/jobs/2b3fea3b-e1b5-4497-9607-e9864019b0e7/?gh_jid=2b3fea3b-e1b5-4497-9607-e9864019b0e7,p>strong,About the role: We’re looking for a GTM Enablement Associate…,About the role: We’re looking for a GTM Enablement Associate…,What makes you a good fit,374,18,3,1,2,0,0,True
Hardware Operations Program Manager,"Hayward, California, United States - Full-time",https://www.skydio.com/jobs/55b393cf-124c-46f8-bd83-8c62e3ce628b/?gh_jid=55b393cf-124c-46f8-bd83-8c62e3ce628b,p>strong,About the role,How you'll make an impact,"Collaborate cross-functionally with product, engineering, re…",379,12,2,3,0,0,0,True
IT Technician (Help Desk - Linux Focus),"Hayward, California, United States - Full-time",https://www.skydio.com/jobs/28c865cf-6aa4-45d1-ae13-34bb8f6b776b/?gh_jid=28c865cf-6aa4-45d1-ae13-34bb8f6b776b,p>strong,About the Role,"Onsite - 5 days/week, Monday - Friday: 3:30pm - 12am Skydio …",What Makes You a Good Fit,524,42,14,2,9,0,0,True
Lead Staff Electrical Engineer,"San Mateo, California, United States - Full-time",https://www.skydio.com/jobs/1bbcf144-7057-4a6e-9d51-4924bfda52b9/?gh_jid=1bbcf144-7057-4a6e-9d51-4924bfda52b9,p>strong,About the role: We are looking for a Lead Electrical Enginee…,About the role: We are looking for a Lead Electrical Enginee…,What makes you a good fit,318,15,2,2,1,0,0,True
"Manager, Logistics","Hayward, California, United States - Full-time",https://www.skydio.com/jobs/eeb4b52f-d4e6-4823-9e4b-0ce75041d928/?gh_jid=eeb4b52f-d4e6-4823-9e4b-0ce75041d928,p>strong,About the role,How you will make an impact,What makes you a good fit,446,23,3,2,0,1,0,True
"Manager, Technical Support","San Mateo, California, United States - Full-time",https://www.skydio.com/jobs/2b312ffb-26c3-4b7f-8904-acbc4e51934b/?gh_jid=2b312ffb-26c3-4b7f-8904-acbc4e51934b,p>strong,About the team,"Location: This is an office or remote-based position, one ba…",What makes you a good fit,780,22,2,0,0,0,0,True
Middleware Software Engineer Intern - Fall 2026,"San Mateo, California, United States - Intern",https://www.skydio.com/jobs/7d9dbb60-4ca1-4ba8-8bae-5ebfded4a915/?gh_jid=7d9dbb60-4ca1-4ba8-8bae-5ebfded4a915,p>strong,About the role,How you'll make an impact,What makes you a good fit,333,11,2,0,0,0,0,True
Mission Success Operations Manager,US Remote - Full-time,https://www.skydio.com/jobs/501a3067-e906-4354-b211-ac70db6accf4/?gh_jid=501a3067-e906-4354-b211-ac70db6accf4,p>strong,About the Team,How you’ll make an impact,What makes you a good fit,452,17,4,0,0,0,0,True
PCB Layout Engineer,"San Mateo, California, United States - Full-time",https://www.skydio.com/jobs/eb2f4124-9bd6-49f9-9636-03152c573f7d/?gh_jid=eb2f4124-9bd6-49f9-9636-03152c573f7d,p>strong,About the role,,What makes you a good fit,346,12,2,0,2,0,0,True
PhD Autonomy Engineer Intern - Deep Learning or Computer Vision,"Zurich, Switzerland - Intern",https://www.skydio.com/jobs/c783c8dd-f604-47d0-aae0-187af89c81b4/?gh_jid=c783c8dd-f604-47d0-aae0-187af89c81b4,p>strong,About the role,How you'll make an impact,What makes you a strong fit,456,9,3,0,1,0,0,True
PhD Autonomy Engineer Intern - Deep Learning or Computer Vision,"San Mateo, California, United States - Intern",https://www.skydio.com/jobs/8d3979a8-c791-4825-8cf4-9b25479b9519/?gh_jid=8d3979a8-c791-4825-8cf4-9b25479b9519,p>strong,About the role,How you'll make an impact,What makes you a strong fit,342,9,3,0,1,0,0,True
Product Design Engineer (All Levels),"San Mateo, California, United States - Full-time",https://www.skydio.com/jobs/3f02ead1-8efe-4e3f-9c75-625e74ab57d1/?gh_jid=3f02ead1-8efe-4e3f-9c75-625e74ab57d1,p>strong,About the role: Skydio’s mechanical systems are the backbone…,About the role: Skydio’s mechanical systems are the backbone…,What makes you a good fit,448,16,2,0,1,0,0,True
Product Support Engineer,"San Mateo, California, United States - Full-time",https://www.skydio.com/jobs/a4f131a0-4dde-46ce-85a1-c83fc3e0f21e/?gh_jid=a4f131a0-4dde-46ce-85a1-c83fc3e0f21e,p>strong,About the role : Skydio is looking for a highly motivated in…,About the role : Skydio is looking for a highly motivated in…,About the role : Skydio is looking for a highly motivated in…,581,22,2,2,2,0,0,True
Product Support Engineer Intern,"San Mateo, California, United States - Intern",https://www.skydio.com/jobs/8df0689e-a489-4c72-a1f7-09dfe59745b8/?gh_jid=8df0689e-a489-4c72-a1f7-09dfe59745b8,p>strong,About the role : Skydio is looking for a highly motivated in…,About the role : Skydio is looking for a highly motivated in…,About the role : Skydio is looking for a highly motivated in…,441,15,2,3,2,0,0,True
"Program Manager, Commercial Programs",US AR Remote - Full-time,https://www.skydio.com/jobs/29ee46f0-d9ea-4a59-a671-3bb024450d04/?gh_jid=29ee46f0-d9ea-4a59-a671-3bb024450d04,p>strong,About the Role,"Location: Bentonville, Arkansas (On-site / Hybrid) What You'll Work On",Requirements,450,21,3,5,0,0,0,True
"Program Manager, Major Deployments (Hawaii)","San Mateo, California, United States - Full-time",https://www.skydio.com/jobs/b194dcda-7ff0-4d44-9785-16895a44727f/?gh_jid=b194dcda-7ff0-4d44-9785-16895a44727f,p>strong,About the role,How you'll make an impact,What Makes You A Good Fit,596,14,2,3,0,0,0,True
"Public Safety Strategist (West Coast, Midwest, or Pacific North West)",US Remote - Full-time,https://www.skydio.com/jobs/3a694691-50c2-43cf-b969-f40bad1d9e39/?gh_jid=3a694691-50c2-43cf-b969-f40bad1d9e39,p>strong,About the Role,How You’ll Make an Impact,What Makes You a Good Fit,617,28,5,0,0,0,0,True
RF Design Engineer,"San Mateo, California, United States - Full-time",https://www.skydio.com/jobs/f72f1fa5-d3d6-459e-8722-a94ce92ad1c8/?gh_jid=f72f1fa5-d3d6-459e-8722-a94ce92ad1c8,p>strong,About the Role,How You’ll Make an Impact,What Makes You a Good Fit,391,19,2,0,0,0,0,True
Sales Planning Analyst Intern,"San Mateo, California, United States - Intern",https://www.skydio.com/jobs/712900e5-ff75-4e07-8f88-626d4f8ab653/?gh_jid=712900e5-ff75-4e07-8f88-626d4f8ab653,p>strong,"About the Role: As a Sales Planning Analyst Intern (SPA), yo…","About the Role: As a Sales Planning Analyst Intern (SPA), yo…","About the Role: As a Sales Planning Analyst Intern (SPA), yo…",409,18,2,1,1,0,0,True
Senior Autonomy Engineer - Controls,"San Mateo, California, United States - Full-time",https://www.skydio.com/jobs/58b4cdf6-5630-4dd0-aab3-a1ed4d599466/?gh_jid=58b4cdf6-5630-4dd0-aab3-a1ed4d599466,p>strong,About the Role,How You’ll Make an Impact,What Makes You a Good Fit,245,9,3,0,0,0,0,True
Senior Autonomy Engineer - Deep Learning,"Zurich, Switzerland - Full-time",https://www.skydio.com/jobs/4ded3e5e-cdfe-4dc5-bbaf-0d3023521246/?gh_jid=4ded3e5e-cdfe-4dc5-bbaf-0d3023521246,p>strong,About the role: Learning a semantic and geometric understand…,About the role: Learning a semantic and geometric understand…,What makes you a good fit,428,13,2,0,3,0,0,True
Senior Autonomy Engineer - Deep Learning,"San Mateo, California, United States - Full-time",https://www.skydio.com/jobs/a6421d3e-fdd0-48d6-8d8f-3fd605cdf09f/?gh_jid=a6421d3e-fdd0-48d6-8d8f-3fd605cdf09f,p>strong,About the role: Learning a semantic and geometric understand…,About the role: Learning a semantic and geometric understand…,What makes you a good fit,314,13,2,1,2,0,0,True
Senior Customer Support Representative - India,"Bangalore, India - Full-time",https://www.skydio.com/jobs/bb7a9c5c-8dbb-4a2f-9d7d-db9ab1f707b0/?gh_jid=bb7a9c5c-8dbb-4a2f-9d7d-db9ab1f707b0,p>strong,About the role,"Location Preference: This role is based in Bengaluru, India,…",What would make you a good fit,614,22,3,1,0,0,0,True
"Senior Director, Product Management, Drone as First Responder (DFR)","San Mateo, California, United States - Full-time",https://www.skydio.com/jobs/7ef6359b-6454-4f91-871f-b33961585086/?gh_jid=7ef6359b-6454-4f91-871f-b33961585086,p>strong,About the role: As the Senior Director of Product Management…,About the role: As the Senior Director of Product Management…,What makes you a good fit,602,20,3,0,2,0,0,True
"Senior Engineering Manager, Infrastructure","San Mateo, California, United States - Full-time",https://www.skydio.com/jobs/3e7fb209-7973-4b5e-bf3e-b9a8a1f390eb/?gh_jid=3e7fb209-7973-4b5e-bf3e-b9a8a1f390eb,p>strong,"About the role: Skydio is building a secure, globally distri…","About the role: Skydio is building a secure, globally distri…","About the role: Skydio is building a secure, globally distri…",493,18,3,0,0,0,0,True
Senior Hardware Test and Reliability Engineer,"San Mateo, California, United States - Full-time",https://www.skydio.com/jobs/c0e49670-51ca-461c-b0e2-4a06df01f692/?gh_jid=c0e49670-51ca-461c-b0e2-4a06df01f692,p>strong,About the role,How you will make an impact,Useful skills and experience,539,12,2,0,0,0,0,True
Senior NPI Product Quality Engineer,"San Mateo, California, United States - Full-time",https://www.skydio.com/jobs/178a7e84-562e-40db-9abd-94bbf29159ca/?gh_jid=178a7e84-562e-40db-9abd-94bbf29159ca,p>strong,About the role,How you'll make an impact,What makes you a good fit,391,19,2,0,0,0,1,True
Senior People Analytics Analyst,"San Mateo, California, United States - Full-time",https://www.skydio.com/jobs/0703aaa0-9fcb-4b22-ad8c-b53e74151a72/?gh_jid=0703aaa0-9fcb-4b22-ad8c-b53e74151a72,p>strong,About The Role,How You’ll Make an Impact,"Reporting & Dashboarding: Design, build, and maintain scalab…",454,16,3,0,0,0,0,True
"Senior Product Manager, Platform & Infrastructure","San Mateo, California, United States - Full-time",https://www.skydio.com/jobs/8d67884d-58f4-41a7-8740-ab65d3c03fa8/?gh_jid=8d67884d-58f4-41a7-8740-ab65d3c03fa8,p>strong,About the Role: We deliver life-saving information as fast a…,About the Role: We deliver life-saving information as fast a…,About the Role: We deliver life-saving information as fast a…,767,15,2,6,1,0,0,True
Senior RF Design Engineer,"San Mateo, California, United States - Full-time",https://www.skydio.com/jobs/7bd047de-b65b-42b2-a2bf-7d33ceabd083/?gh_jid=7bd047de-b65b-42b2-a2bf-7d33ceabd083,p>strong,About the Role,How You’ll Make an Impact,What Makes You a Good Fit,595,25,3,2,0,0,0,True
Senior Revenue Operations Manager,"San Mateo, California, United States - Full-time",https://www.skydio.com/jobs/05e9f029-3a9d-4956-a4c8-e0bc786dd86a/?gh_jid=05e9f029-3a9d-4956-a4c8-e0bc786dd86a,p>strong,About the Role,Location: SF/Bay area - hybrid 3 days in office How You’ll Make an Impact,What Makes You a Good Fit,441,18,3,2,0,0,0,True
Senior Software Engineer - Embedded,"San Mateo, California, United States - Full-time",https://www.skydio.com/jobs/67a7d89f-9c4e-4f60-bdf1-a60b8addd8ae/?gh_jid=67a7d89f-9c4e-4f60-bdf1-a60b8addd8ae,p>strong,About the team,How you'll make an impact,What makes you a good fit,353,17,3,0,0,0,0,True
Senior Software Engineer - Mobile Platform,"San Mateo, California, United States - Full-time",https://www.skydio.com/jobs/e8cb16b0-d2f0-4cb4-a1a1-0f43d195cc9a/?gh_jid=e8cb16b0-d2f0-4cb4-a1a1-0f43d195cc9a,p>strong,About the Role,How You’ll Make an Impact,What Makes You a Good Fit,530,18,3,3,0,0,0,True
Senior Software Engineer - Security,"San Mateo, California, United States - Full-time",https://www.skydio.com/jobs/bcd3d614-178c-4349-afd4-76476211b7fe/?gh_jid=bcd3d614-178c-4349-afd4-76476211b7fe,p>strong,About the Role,How you’ll make an impact,What makes you a good fit,418,17,3,0,0,0,0,True
"Senior Software Engineer,  Data Platform","San Mateo, California, United States - Full-time",https://www.skydio.com/jobs/aeaa130d-3e8b-42c5-a805-46f056e62fda/?gh_jid=aeaa130d-3e8b-42c5-a805-46f056e62fda,p>strong,About the role,Examples of what you’ll help build,What would make you a good fit,731,20,3,0,1,0,0,True
"Senior Software Engineer,  Infrastructure","San Mateo, California, United States - Full-time",https://www.skydio.com/jobs/0f71bdbb-a645-49f6-8890-dd5c052772c3/?gh_jid=0f71bdbb-a645-49f6-8890-dd5c052772c3,p>strong,About the team: Skydio’s Cloud infrastructure team is here t…,About the team: Skydio’s Cloud infrastructure team is here t…,What makes you a good fit,400,13,3,0,0,0,0,True
"Senior Software Engineer, Frontend","San Mateo, California, United States - Full-time",https://www.skydio.com/jobs/86cfc7bb-001c-4c1c-b680-160265535a96/?gh_jid=86cfc7bb-001c-4c1c-b680-160265535a96,p>strong,About the Role,How You’ll Make an Impact,What Makes You a Good Fit,353,15,3,5,0,0,0,True
"Senior Software Engineer, Full Stack","San Mateo, California, United States - Full-time",https://www.skydio.com/jobs/5655fbe3-66b0-4951-afdc-3b67f71e6938/?gh_jid=5655fbe3-66b0-4951-afdc-3b67f71e6938,p>strong,About the role,How you’ll make an impact,What would make you a good fit,623,13,3,0,1,0,0,True
Senior Strategy and Planning Analyst,US CA San Mateo - Full-time,https://www.skydio.com/jobs/8b96b4ed-04cf-4451-89bc-0db79a01d64d/?gh_jid=8b96b4ed-04cf-4451-89bc-0db79a01d64d,p>strong,About the Role,How you'll make an impact,What would make you a good fit,602,20,2,2,1,0,0,True
Senior Technical Recruiter,"San Mateo, California, United States - Full-time",https://www.skydio.com/jobs/16b0647d-a470-4917-9bb9-a95967828edc/?gh_jid=16b0647d-a470-4917-9bb9-a95967828edc,p>strong,,How you'll make an impact,What makes you a good fit,433,14,2,0,2,0,0,True
Senior Technical Recruiter - Hardware Operations,"San Mateo, California, United States - Full-time",https://www.skydio.com/jobs/737c02d2-f03f-4716-a0c8-e14a0307f8cb/?gh_jid=737c02d2-f03f-4716-a0c8-e14a0307f8cb,p>strong,About the role: We are seeking a proven Senior Technical Rec…,About the role: We are seeking a proven Senior Technical Rec…,What makes you a good fit,440,13,2,0,4,0,0,True
Senior Wireless Systems Performance Engineer,"San Mateo, California, United States - Full-time",https://www.skydio.com/jobs/f1ecf164-714c-4f1a-b672-d763f5724c03/?gh_jid=f1ecf164-714c-4f1a-b672-d763f5724c03,p>strong,About the role,How you'll make an impact,What makes you a good fit,385,16,2,0,0,0,0,True
Senior/Staff Embedded Software Engineer – Camera Systems,"San Mateo, California, United States - Full-time",https://www.skydio.com/jobs/71033170-d9d0-474b-b712-a11e4f11c146/?gh_jid=71033170-d9d0-474b-b712-a11e4f11c146,p>strong,About the Role,How You’ll Make an Impact,What Makes You a Good Fit,394,18,2,4,0,0,0,True
Software Engineer - Embedded,"San Mateo, California, United States - Full-time",https://www.skydio.com/jobs/ef9f7dd2-5a88-49b4-a507-d5fc9cad565a/?gh_jid=ef9f7dd2-5a88-49b4-a507-d5fc9cad565a,p>strong,About the team,How you'll make an impact,What makes you a good fit,353,17,3,0,0,0,0,True
Software Engineer - Infrastructure,"San Mateo, California, United States - Full-time",https://www.skydio.com/jobs/cb958101-ede8-4f50-bf30-b3272d33f25f/?gh_jid=cb958101-ede8-4f50-bf30-b3272d33f25f,p>strong,About the team: Skydio’s Cloud infrastructure team is here t…,About the team: Skydio’s Cloud infrastructure team is here t…,What makes you a good fit,398,13,3,0,0,0,0,True
Software Engineer Intern Fall 2026/Winter 2027,"San Mateo, California, United States - Intern",https://www.skydio.com/jobs/f6320e9b-4eed-408d-8d37-d509fb0406ee/?gh_jid=f6320e9b-4eed-408d-8d37-d509fb0406ee,p>strong,About the role: With best-in-class autonomy and real-time cl…,About the role: With best-in-class autonomy and real-time cl…,About the role: With best-in-class autonomy and real-time cl…,369,12,3,1,4,0,0,True
"Software Engineer, Full Stack","San Mateo, California, United States - Full-time",https://www.skydio.com/jobs/067e1f47-9fba-4abf-b986-874d4d569706/?gh_jid=067e1f47-9fba-4abf-b986-874d4d569706,p>strong,About the role,How you’ll make an impact,What would make you a good fit,323,13,3,0,0,0,0,True
Sr/Staff Embedded Software Engineer - Camera Systems,"Tampere, Finland - Full-time",https://www.skydio.com/jobs/898a9c77-cc20-4ed6-a050-f68e5c15d5c8/?gh_jid=898a9c77-cc20-4ed6-a050-f68e5c15d5c8,p>strong,About the Role,How You’ll Make an Impact,What Makes You a Good Fit,394,18,2,4,0,0,0,True
"Staff Global Supply Manager,  Mechanicals","San Mateo, California, United States - Full-time",https://www.skydio.com/jobs/2ffe6453-4a2f-4dfb-94f8-882f731a11ae/?gh_jid=2ffe6453-4a2f-4dfb-94f8-882f731a11ae,p>strong,About the role,,What makes you a good fit,546,17,2,1,1,0,0,True
"Staff Product Manager, Platform & Infrastructure","San Mateo, California, United States - Full-time",https://www.skydio.com/jobs/dbd737b2-beed-4917-9948-dde4250929a8/?gh_jid=dbd737b2-beed-4917-9948-dde4250929a8,p>strong,About the Role: We deliver life-saving information as fast a…,About the Role: We deliver life-saving information as fast a…,About the Role: We deliver life-saving information as fast a…,786,15,2,6,1,0,0,True
Staff Software Engineer - Embedded,"San Mateo, California, United States - Full-time",https://www.skydio.com/jobs/b3b2dea9-63bb-4adb-ba29-69bd8f7a18eb/?gh_jid=b3b2dea9-63bb-4adb-ba29-69bd8f7a18eb,p>strong,About the team,How you'll make an impact,What makes you a good fit,353,17,3,0,0,0,0,True
"Staff Software Engineer, Frontend","San Mateo, California, United States - Full-time",https://www.skydio.com/jobs/54654035-a78a-4e5b-9ebf-ae4067e5a246/?gh_jid=54654035-a78a-4e5b-9ebf-ae4067e5a246,p>strong,About the role,How you'll make an impact,What makes you a good fit,352,15,3,5,0,0,0,True
"Staff Software Engineer, Full Stack","San Mateo, California, United States - Full-time",https://www.skydio.com/jobs/379b23ea-14ff-4602-9b79-52d00bb96fda/?gh_jid=379b23ea-14ff-4602-9b79-52d00bb96fda,p>strong,,How you’ll make an impact,What would make you a good fit,613,16,3,0,0,0,0,True
Staff Technical Recruiter,"San Mateo, California, United States - Full-time",https://www.skydio.com/jobs/c3a4256a-4525-443c-81d0-6f69e7c24805/?gh_jid=c3a4256a-4525-443c-81d0-6f69e7c24805,p>strong,About the role,How you’ll make an impact,What makes you a good fit,430,15,2,0,0,0,0,True
Success Systems Specialist,US Remote - Full-time,https://www.skydio.com/jobs/8de95d05-a601-47e2-8a13-5ba4d7ad428a/?gh_jid=8de95d05-a601-47e2-8a13-5ba4d7ad428a,p>strong,About the Role,How You’ll Make an Impact,Customer Digital Experience,729,28,6,1,0,0,0,True
"Supplier Quality Engineer, Sustaining",Taiwan - Full-time,https://www.skydio.com/jobs/4c4874bf-02da-4ccc-8918-2cca08feaf21/?gh_jid=4c4874bf-02da-4ccc-8918-2cca08feaf21,p>strong,About the role,How you'll make an impact,What makes you a good fit,566,13,2,1,0,0,0,True
Supply Chain Intern,"San Mateo, California, United States - Intern",https://www.skydio.com/jobs/2d21f482-3224-4906-a1bb-6a64436774cb/?gh_jid=2d21f482-3224-4906-a1bb-6a64436774cb,p>strong,About the role,,What makes you a good fit,229,8,2,0,3,0,0,True
Systems Integration and Test Engineer (Mid to Senior Level),"San Mateo, California, United States - Full-time",https://www.skydio.com/jobs/a1a60b27-53a8-455e-b467-712e01c532dc/?gh_jid=a1a60b27-53a8-455e-b467-712e01c532dc,p>strong,About the role,How you will make an impact,Useful skills and experience,509,14,2,0,1,0,0,True
Wireless Software Engineer,"San Mateo, California, United States - Full-time",https://www.skydio.com/jobs/04fde92b-6a2b-4638-adc2-e8fa91cc1a49/?gh_jid=04fde92b-6a2b-4638-adc2-e8fa91cc1a49,p>strong,About the role,How you'll make an impact,What makes you a good fit,400,12,2,0,0,0,0,True
Workplace Experience Coordinator Part-Time,"Zurich, Switzerland - Part-time",https://www.skydio.com/jobs/d023afe5-f19f-42f7-a1dd-aa94a361b86f/?gh_jid=d023afe5-f19f-42f7-a1dd-aa94a361b86f,p>strong,About the Role We are looking for a proactive and detail-ori…,About the Role We are looking for a proactive and detail-ori…,About the Role We are looking for a proactive and detail-ori…,486,20,4,1,1,0,0,True
Senior Technical Support Representative - Japan,"Tokyo, Japan - Full-time",https://www.skydio.com/jobs/f714e85f-31df-494e-bac4-1dd61d4d6066/?gh_jid=f714e85f-31df-494e-bac4-1dd61d4d6066,semantic-h1,,,,717,20,2,1,2,0,0,True
Aviation Compliance Lead,"San Mateo, California, United States - Full-time",https://www.skydio.com/jobs/b9f9047b-1555-4978-9bff-70eae58a6b17/?gh_jid=b9f9047b-1555-4978-9bff-70eae58a6b17,semantic-h2,,,,399,15,2,1,1,0,0,True
Aviation Regulatory Program Manager,US Remote - Full-time,https://www.skydio.com/jobs/d73ae64d-5877-4ab6-ad42-0224702f3fba/?gh_jid=d73ae64d-5877-4ab6-ad42-0224702f3fba,semantic-h2,,,,493,16,2,2,0,0,0,True
Communications Manager,US Remote - Full-time,https://www.skydio.com/jobs/50567d8d-2903-494f-8e08-7c8ca734dc3a/?gh_jid=50567d8d-2903-494f-8e08-7c8ca734dc3a,semantic-h2,,,,425,12,2,3,0,0,0,True
"Revenue Operations Engineer, Quoting Systems","San Mateo, California, United States - Full-time",https://www.skydio.com/jobs/02d54431-2747-417d-8234-e72c316fed87/?gh_jid=02d54431-2747-417d-8234-e72c316fed87,semantic-h2,About the Role,Quoting & approvals: Own the end-to-end quoting experience a…,Quoting & approvals: Own the end-to-end quoting experience a…,508,25,5,2,4,0,0,True
Senior Buyer,"Hayward, California, United States - Full-time",https://www.skydio.com/jobs/5d32766d-990a-4c4c-a8c6-5e934dd8bd38/?gh_jid=5d32766d-990a-4c4c-a8c6-5e934dd8bd38,semantic-h2,About the role,,,478,22,2,3,0,0,0,True
"Senior Wireless Software Engineer, National Security","San Mateo, California, United States - Full-time",https://www.skydio.com/jobs/e49983b2-2323-48ea-bf1d-270f9f037457/?gh_jid=e49983b2-2323-48ea-bf1d-270f9f037457,semantic-h2,,,,723,25,3,4,2,0,0,True
"Software Engineer - Autonomy Infrastructure, Systems and Tools","Zurich, Switzerland - Full-time",https://www.skydio.com/jobs/49da6783-223e-4b2c-81f6-3b47de1c52e7/?gh_jid=49da6783-223e-4b2c-81f6-3b47de1c52e7,semantic-h2,,,,635,20,4,1,0,0,0,True
"Software Engineer - Autonomy Infrastructure, Systems and Tools","San Mateo, California, United States - Full-time",https://www.skydio.com/jobs/9e42a7af-6369-4036-ae6f-6626ee3a4fb3/?gh_jid=9e42a7af-6369-4036-ae6f-6626ee3a4fb3,semantic-h2,,,,521,20,4,1,0,0,0,True
Software Engineer - Cloud Simulation & Full-Stack,"Zurich, Switzerland - Full-time",https://www.skydio.com/jobs/50dad059-b43b-4be1-84ab-2c350a68848f/?gh_jid=50dad059-b43b-4be1-84ab-2c350a68848f,semantic-h2,,,,666,26,4,2,0,0,0,True
Software Engineer - Cloud Simulation & Full-Stack,"San Mateo, California, United States - Full-time",https://www.skydio.com/jobs/7d7dfadc-c6fd-4958-8d59-004a91bff55e/?gh_jid=7d7dfadc-c6fd-4958-8d59-004a91bff55e,semantic-h2,,,,552,26,4,2,0,0,0,True
"GTM Engineer, Pre-Sales",US CA San Mateo - Full-time,https://www.skydio.com/jobs/c0a67a10-0cda-4892-b9a5-8eadda765587/?gh_jid=c0a67a10-0cda-4892-b9a5-8eadda765587,semantic-h2/h3,,,,876,28,8,2,3,0,0,True
Hardware Engineering Program Manager,"San Mateo, California, United States - Full-time",https://www.skydio.com/jobs/b49e6784-2183-4de4-a0a1-7661203c254a/?gh_jid=b49e6784-2183-4de4-a0a1-7661203c254a,semantic-h2/h3,,,,491,23,5,3,0,0,0,True
Full Stack Product Counsel,"San Mateo, California, United States - Full-time",https://www.skydio.com/jobs/c9e40dab-ae7d-4034-a335-b3e05d419672/?gh_jid=c9e40dab-ae7d-4034-a335-b3e05d419672,semantic-h3,,,,502,15,2,3,0,0,0,True
PhD Autonomy Engineer Intern - Planning & Controls (Reinforcement Learning),"Zurich, Switzerland - Intern",https://www.skydio.com/jobs/12590806-3cf0-4bc3-930b-12b53e227a5c/?gh_jid=12590806-3cf0-4bc3-930b-12b53e227a5c,semantic-h3,About the role,,Navigation & avoidance in the wild: Train policies that adap…,555,17,4,0,0,0,0,True
Senior Business Operations Manager,"San Mateo, California, United States - Full-time",https://www.skydio.com/jobs/17b9ecf9-7a47-4811-b035-e1b9a54966aa/?gh_jid=17b9ecf9-7a47-4811-b035-e1b9a54966aa,semantic-h3,About the Role,How you'll make an impact,What makes you a good fit,506,26,4,3,0,0,0,True
Software Engineer - Simulation & Robotics Engineer,"Zurich, Switzerland - Full-time",https://www.skydio.com/jobs/3193c6ab-27d2-4558-8ad8-1d3a1512ab72/?gh_jid=3193c6ab-27d2-4558-8ad8-1d3a1512ab72,semantic-h3,,,,596,20,4,1,0,0,0,True
Software Engineer - Simulation & Robotics Engineer,"San Mateo, California, United States - Full-time",https://www.skydio.com/jobs/7a8f3e6c-d576-41af-a81e-bf4fe20da12a/?gh_jid=7a8f3e6c-d576-41af-a81e-bf4fe20da12a,semantic-h3,,,,482,20,4,2,0,0,0,True
