title,location,url,pre_comp_chars,flag_count,flags
"Revenue Operations Engineer, Quoting Systems","San Mateo, California, United States - Full-time",https://www.skydio.com/jobs/02d54431-2747-417d-8234-e72c316fed87/?gh_jid=02d54431-2747-417d-8234-e72c316fed87,3770,6,empty-p(2); uses-heading-tag(h2); mixed-casing(Title+Sentence); mixed-trailing-punct((none)/:); glued-heading-and-body; mixed-bold-styles(whole+prefix)
Software Engineer Intern Fall 2026/Winter 2027,US CA San Mateo - Intern,https://www.skydio.com/jobs/f6320e9b-4eed-408d-8d37-d509fb0406ee/?gh_jid=f6320e9b-4eed-408d-8d37-d509fb0406ee,2587,6,BR-paragraphs(1); empty-p(1); mixed-trailing-punct((none)/:); glued-heading-and-body; mixed-bold-styles(whole+prefix); mixed-apostrophe(curly+straight)
GTM Enablement Associate,"San Mateo, California, United States - Full-time",https://www.skydio.com/jobs/2b3fea3b-e1b5-4497-9607-e9864019b0e7/?gh_jid=2b3fea3b-e1b5-4497-9607-e9864019b0e7,2817,5,empty-p(1); mixed-casing(Title+Sentence); glued-heading-and-body; mixed-bold-styles(whole+prefix); mixed-apostrophe(curly+straight)
Product Support Engineer,"San Mateo, California, United States - Full-time",https://www.skydio.com/jobs/a4f131a0-4dde-46ce-85a1-c83fc3e0f21e/?gh_jid=a4f131a0-4dde-46ce-85a1-c83fc3e0f21e,4237,5,BR-paragraphs(1); empty-p(2); glued-heading-and-body; mixed-bold-styles(whole+prefix); mixed-apostrophe(curly+straight)
Product Support Engineer Intern,"San Mateo, California, United States - Intern",https://www.skydio.com/jobs/8df0689e-a489-4c72-a1f7-09dfe59745b8/?gh_jid=8df0689e-a489-4c72-a1f7-09dfe59745b8,3162,5,BR-paragraphs(1); empty-p(3); glued-heading-and-body; mixed-bold-styles(whole+prefix); mixed-apostrophe(curly+straight)
Senior Brand Designer (Contract),"San Mateo, California, United States - Full-time",https://www.skydio.com/jobs/5ae7e25f-7da3-4523-a8be-8866aa89e8df/?gh_jid=5ae7e25f-7da3-4523-a8be-8866aa89e8df,3610,5,BR-paragraphs(1); empty-p(3); mixed-trailing-punct(./:); glued-heading-and-body; mixed-apostrophe(curly+straight)
"Senior Product Manager, Platform & Infrastructure","San Mateo, California, United States - Full-time",https://www.skydio.com/jobs/8d67884d-58f4-41a7-8740-ab65d3c03fa8/?gh_jid=8d67884d-58f4-41a7-8740-ab65d3c03fa8,5628,5,empty-p(6); mixed-trailing-punct((none)/:); glued-heading-and-body; mixed-bold-styles(whole+prefix); mixed-apostrophe(curly+straight)
"Staff Product Manager, Platform & Infrastructure","San Mateo, California, United States - Full-time",https://www.skydio.com/jobs/dbd737b2-beed-4917-9948-dde4250929a8/?gh_jid=dbd737b2-beed-4917-9948-dde4250929a8,5739,5,empty-p(6); mixed-trailing-punct((none)/:); glued-heading-and-body; mixed-bold-styles(whole+prefix); mixed-apostrophe(curly+straight)
"Director of Product Management, Drone as First Responder (DFR)","San Mateo, California, United States - Full-time",https://www.skydio.com/jobs/129a5bad-ca1d-4eda-843b-96f4581f3c43/?gh_jid=129a5bad-ca1d-4eda-843b-96f4581f3c43,4137,4,BR-paragraphs(1); glued-heading-and-body; mixed-bold-styles(whole+prefix); mixed-apostrophe(curly+straight)
GTM Data Engineer Intern,"San Mateo, California, United States - Intern",https://www.skydio.com/jobs/b90b9b3b-e326-4fb6-85bd-fe52bec5f180/?gh_jid=b90b9b3b-e326-4fb6-85bd-fe52bec5f180,3213,4,empty-p(2); glued-heading-and-body; mixed-bold-styles(whole+prefix); mixed-apostrophe(curly+straight)
Lead Staff Electrical Engineer (F10 Program),"San Mateo, California, United States - Full-time",https://www.skydio.com/jobs/1bbcf144-7057-4a6e-9d51-4924bfda52b9/?gh_jid=1bbcf144-7057-4a6e-9d51-4924bfda52b9,2185,4,empty-p(2); underline(1); glued-heading-and-body; mixed-bold-styles(whole+prefix)
"Project Manager, Workplace","San Mateo, California, United States - Full-time",https://www.skydio.com/jobs/ca17c12d-18df-48dc-83a3-e0d8e06aa451/?gh_jid=ca17c12d-18df-48dc-83a3-e0d8e06aa451,3565,4,empty-p(1); uses-heading-tag(h3); mixed-trailing-punct((none)/:); mixed-bold-styles(whole+prefix)
Senior Autonomy Engineer - Deep Learning,"San Mateo, California, United States - Full-time",https://www.skydio.com/jobs/a6421d3e-fdd0-48d6-8d8f-3fd605cdf09f/?gh_jid=a6421d3e-fdd0-48d6-8d8f-3fd605cdf09f,2183,4,BR-paragraphs(1); empty-p(1); glued-heading-and-body; mixed-bold-styles(whole+prefix)
Senior People Analytics Analyst,"San Mateo, California, United States - Full-time",https://www.skydio.com/jobs/0703aaa0-9fcb-4b22-ad8c-b53e74151a72/?gh_jid=0703aaa0-9fcb-4b22-ad8c-b53e74151a72,3384,4,mixed-casing(Title+Sentence); mixed-trailing-punct((none)/:); glued-heading-and-body; mixed-bold-styles(whole+prefix)
"Senior Software Engineer,  Infrastructure","San Mateo, California, United States - Full-time",https://www.skydio.com/jobs/0f71bdbb-a645-49f6-8890-dd5c052772c3/?gh_jid=0f71bdbb-a645-49f6-8890-dd5c052772c3,2681,4,glued-heading-and-body; mixed-bold-styles(whole+prefix); double-space-in-title; mixed-apostrophe(curly+straight)
"Senior Software Engineer, Full Stack","San Mateo, California, United States - Full-time",https://www.skydio.com/jobs/5655fbe3-66b0-4951-afdc-3b67f71e6938/?gh_jid=5655fbe3-66b0-4951-afdc-3b67f71e6938,4242,4,underline(1); mixed-casing(Title+Sentence); mixed-trailing-punct((none)/:); mixed-bold-styles(whole+prefix)
Senior Technical Recruiter - Hardware Operations,"San Mateo, California, United States - Full-time",https://www.skydio.com/jobs/737c02d2-f03f-4716-a0c8-e14a0307f8cb/?gh_jid=737c02d2-f03f-4716-a0c8-e14a0307f8cb,3100,4,BR-paragraphs(1); underline(1); glued-heading-and-body; mixed-apostrophe(curly+straight)
Workplace Experience Coordinator Part-Time,"Zurich, Switzerland - Part-time",https://www.skydio.com/jobs/d023afe5-f19f-42f7-a1dd-aa94a361b86f/?gh_jid=d023afe5-f19f-42f7-a1dd-aa94a361b86f,3582,4,empty-p(1); mixed-casing(Title+Sentence); mixed-trailing-punct((none)/:); glued-heading-and-body
Autonomy Engineer - Deep Learning Infrastructure,"Zurich, Switzerland - Full-time",https://www.skydio.com/jobs/c051266c-3e00-4906-abd0-21f18db56b3f/?gh_jid=c051266c-3e00-4906-abd0-21f18db56b3f,3218,3,BR-paragraphs(1); glued-heading-and-body; mixed-bold-styles(whole+prefix)
Autonomy Engineer - Deep Learning Model Acceleration,"Zurich, Switzerland - Full-time",https://www.skydio.com/jobs/5892ea83-ad5a-480a-bd9f-2409bb0b644e/?gh_jid=5892ea83-ad5a-480a-bd9f-2409bb0b644e,3222,3,BR-paragraphs(1); glued-heading-and-body; mixed-bold-styles(whole+prefix)
Autonomy Engineer - Deep Learning Model Acceleration,"San Mateo, California, United States - Full-time",https://www.skydio.com/jobs/cd6d8410-419b-4713-8d4d-7eb72b134d5a/?gh_jid=cd6d8410-419b-4713-8d4d-7eb72b134d5a,3219,3,BR-paragraphs(1); glued-heading-and-body; mixed-bold-styles(whole+prefix)
Deployment Engineer - Southeast,US Remote - Full-time,https://www.skydio.com/jobs/6138ba1c-c048-407d-9ea2-7b51a3d38756/?gh_jid=6138ba1c-c048-407d-9ea2-7b51a3d38756,4161,3,empty-p(5); glued-heading-and-body; mixed-bold-styles(whole+prefix)
"Director, Growth Marketing - Commercial","San Mateo, California, United States - Full-time",https://www.skydio.com/jobs/00d0bdc5-89ad-4182-8512-ab0a028953f6/?gh_jid=00d0bdc5-89ad-4182-8512-ab0a028953f6,4499,3,empty-p(2); mixed-casing(Title+Sentence); mixed-trailing-punct((none)/:)
Field Marketing Event Manager,"San Mateo, California, United States - Full-time",https://www.skydio.com/jobs/6451be14-d388-4ad1-a4ce-97c36d130c71/?gh_jid=6451be14-d388-4ad1-a4ce-97c36d130c71,3912,3,uses-heading-tag(h3); mixed-casing(Title+Sentence); mixed-trailing-punct((none)/:)
"Field Support Representative (Southwest, Remote)",US Remote - Full-time,https://www.skydio.com/jobs/9b93e7c2-e5d5-48b2-a2d2-8df71e0d8357/?gh_jid=9b93e7c2-e5d5-48b2-a2d2-8df71e0d8357,5065,3,empty-p(2); glued-heading-and-body; mixed-bold-styles(whole+prefix)
Hardware Operations Program Manager,"Hayward, California, United States - Full-time",https://www.skydio.com/jobs/55b393cf-124c-46f8-bd83-8c62e3ce628b/?gh_jid=55b393cf-124c-46f8-bd83-8c62e3ce628b,2911,3,empty-p(3); glued-heading-and-body; mixed-bold-styles(whole+prefix)
Hardware Technician,"San Mateo, California, United States - Full-time",https://www.skydio.com/jobs/6d5e666b-a0b7-45d4-a4de-45aef141ce10/?gh_jid=6d5e666b-a0b7-45d4-a4de-45aef141ce10,2640,3,empty-p(3); glued-heading-and-body; mixed-bold-styles(whole+prefix)
PhD Autonomy Engineer Intern - Planning & Controls (Reinforcement Learning),"Zurich, Switzerland - Intern",https://www.skydio.com/jobs/f8225008-00b5-415e-9a48-c9b6eba9363c/?gh_jid=f8225008-00b5-415e-9a48-c9b6eba9363c,3287,3,uses-heading-tag(h3); glued-heading-and-body; mixed-bold-styles(whole+prefix)
Product Design Engineer (All Levels),"San Mateo, California, United States - Full-time",https://www.skydio.com/jobs/3f02ead1-8efe-4e3f-9c75-625e74ab57d1/?gh_jid=3f02ead1-8efe-4e3f-9c75-625e74ab57d1,3117,3,glued-heading-and-body; mixed-bold-styles(whole+prefix); mixed-apostrophe(curly+straight)
Senior Autonomy Engineer - Deep Learning,"Zurich, Switzerland - Full-time",https://www.skydio.com/jobs/a6973c57-132a-4a0d-b130-02d2bdaecd2a/?gh_jid=a6973c57-132a-4a0d-b130-02d2bdaecd2a,2183,3,BR-paragraphs(1); glued-heading-and-body; mixed-bold-styles(whole+prefix)
Senior Customer Support Representative - India,"Bangalore, India - Full-time",https://www.skydio.com/jobs/bb7a9c5c-8dbb-4a2f-9d7d-db9ab1f707b0/?gh_jid=bb7a9c5c-8dbb-4a2f-9d7d-db9ab1f707b0,4419,3,empty-p(1); glued-heading-and-body; mixed-bold-styles(whole+prefix)
Senior Revenue Operations Manager,"San Mateo, California, United States - Full-time",https://www.skydio.com/jobs/05e9f029-3a9d-4956-a4c8-e0bc786dd86a/?gh_jid=05e9f029-3a9d-4956-a4c8-e0bc786dd86a,3336,3,empty-p(2); mixed-casing(Title+Sentence); mixed-bold-styles(whole+prefix)
"Senior Software Engineer,  Data Platform","San Mateo, California, United States - Full-time",https://www.skydio.com/jobs/aeaa130d-3e8b-42c5-a805-46f056e62fda/?gh_jid=aeaa130d-3e8b-42c5-a805-46f056e62fda,5099,3,mixed-casing(Title+Sentence); mixed-trailing-punct((none)/:); double-space-in-title
Senior Technical Support Representative - Japan,"Tokyo, Japan - Full-time",https://www.skydio.com/jobs/f714e85f-31df-494e-bac4-1dd61d4d6066/?gh_jid=f714e85f-31df-494e-bac4-1dd61d4d6066,5149,3,BR-paragraphs(1); empty-p(1); uses-heading-tag(h1)
"Software Engineer - Autonomy Infrastructure, Systems and Tools","San Mateo, California, United States - Full-time",https://www.skydio.com/jobs/9e42a7af-6369-4036-ae6f-6626ee3a4fb3/?gh_jid=9e42a7af-6369-4036-ae6f-6626ee3a4fb3,3965,3,empty-p(1); uses-heading-tag(h2); mixed-casing(Title+Sentence)
"Software Engineer - Autonomy Infrastructure, Systems and Tools","Zurich, Switzerland - Full-time",https://www.skydio.com/jobs/9fc135c5-7a87-410d-8323-e0f918585ebc/?gh_jid=9fc135c5-7a87-410d-8323-e0f918585ebc,3965,3,empty-p(1); uses-heading-tag(h2); mixed-casing(Title+Sentence)
Software Engineer - Cloud Simulation & Full-Stack,"San Mateo, California, United States - Full-time",https://www.skydio.com/jobs/7d7dfadc-c6fd-4958-8d59-004a91bff55e/?gh_jid=7d7dfadc-c6fd-4958-8d59-004a91bff55e,4174,3,empty-p(2); uses-heading-tag(h2); mixed-casing(Title+Sentence)
Software Engineer - Cloud Simulation & Full-Stack,"Zurich, Switzerland - Full-time",https://www.skydio.com/jobs/948bddb5-4679-4c7c-bf57-960a0fd1a7ed/?gh_jid=948bddb5-4679-4c7c-bf57-960a0fd1a7ed,4174,3,empty-p(2); uses-heading-tag(h2); mixed-casing(Title+Sentence)
Software Engineer - Infrastructure,"San Mateo, California, United States - Full-time",https://www.skydio.com/jobs/cb958101-ede8-4f50-bf30-b3272d33f25f/?gh_jid=cb958101-ede8-4f50-bf30-b3272d33f25f,2669,3,glued-heading-and-body; mixed-bold-styles(whole+prefix); mixed-apostrophe(curly+straight)
Software Engineer - Simulation & Robotics Engineer,"San Mateo, California, United States - Full-time",https://www.skydio.com/jobs/7a8f3e6c-d576-41af-a81e-bf4fe20da12a/?gh_jid=7a8f3e6c-d576-41af-a81e-bf4fe20da12a,3474,3,empty-p(2); uses-heading-tag(h3); mixed-casing(Title+Sentence)
Software Engineer - Simulation & Robotics Engineer,"Zurich, Switzerland - Full-time",https://www.skydio.com/jobs/abd4addb-2d11-4207-b3a2-446a09121e39/?gh_jid=abd4addb-2d11-4207-b3a2-446a09121e39,3474,3,empty-p(2); uses-heading-tag(h3); mixed-casing(Title+Sentence)
"Staff Software Engineer, Full Stack","San Mateo, California, United States - Full-time",https://www.skydio.com/jobs/379b23ea-14ff-4602-9b79-52d00bb96fda/?gh_jid=379b23ea-14ff-4602-9b79-52d00bb96fda,4374,3,mixed-casing(Title+Sentence); mixed-trailing-punct((none)/:); mixed-bold-styles(whole+prefix)
Success Systems Specialist,US Remote - Full-time,https://www.skydio.com/jobs/8de95d05-a601-47e2-8a13-5ba4d7ad428a/?gh_jid=8de95d05-a601-47e2-8a13-5ba4d7ad428a,5478,3,empty-p(1); mixed-casing(Title+Sentence); mixed-trailing-punct((none)/:)
Technical Support Specialist - West Coast,US Remote - Full-time,https://www.skydio.com/jobs/3ac81a34-b7fe-4142-9d29-12bcc1376182/?gh_jid=3ac81a34-b7fe-4142-9d29-12bcc1376182,4265,3,mixed-trailing-punct((none)/:); glued-heading-and-body; mixed-bold-styles(whole+prefix)
Autonomy Engineer - Deep Learning Infrastructure,"San Mateo, California, United States - Full-time",https://www.skydio.com/jobs/dcb04687-9b4f-425d-8c37-1111cf3ccf3d/?gh_jid=dcb04687-9b4f-425d-8c37-1111cf3ccf3d,3382,2,BR-paragraphs(1); empty-p(1)
Autonomy Software Engineer,"San Mateo, California, United States - Full-time",https://www.skydio.com/jobs/a48fe41b-030b-4f11-bf25-df7446151854/?gh_jid=a48fe41b-030b-4f11-bf25-df7446151854,2795,2,BR-paragraphs(1); glued-heading-and-body
Aviation Compliance Lead,"San Mateo, California, United States - Full-time",https://www.skydio.com/jobs/b9f9047b-1555-4978-9bff-70eae58a6b17/?gh_jid=b9f9047b-1555-4978-9bff-70eae58a6b17,2896,2,empty-p(1); uses-heading-tag(h2)
Aviation Regulatory Program Manager,US Remote - Full-time,https://www.skydio.com/jobs/d73ae64d-5877-4ab6-ad42-0224702f3fba/?gh_jid=d73ae64d-5877-4ab6-ad42-0224702f3fba,3520,2,empty-p(2); uses-heading-tag(h2)
Communications Manager,US Remote - Full-time,https://www.skydio.com/jobs/50567d8d-2903-494f-8e08-7c8ca734dc3a/?gh_jid=50567d8d-2903-494f-8e08-7c8ca734dc3a,3105,2,empty-p(3); uses-heading-tag(h2)
"Customer Success Manager, DFR Majors - Northeast",US Remote - Full-time,https://www.skydio.com/jobs/23721f25-7d5f-45fa-a5fe-d58f9680e1ef/?gh_jid=23721f25-7d5f-45fa-a5fe-d58f9680e1ef,3469,2,glued-heading-and-body; mixed-bold-styles(whole+prefix)
Deployment Coordinator,US Remote - Full-time,https://www.skydio.com/jobs/3d4cd6a4-ce4c-4df6-9002-93019d93784e/?gh_jid=3d4cd6a4-ce4c-4df6-9002-93019d93784e,3020,2,empty-p(4); uses-heading-tag(h2)
Electric Motor / Propulsion Engineer,"San Mateo, California, United States - Full-time",https://www.skydio.com/jobs/847c1abe-b3b6-4e97-bc0e-e3f46437287a/?gh_jid=847c1abe-b3b6-4e97-bc0e-e3f46437287a,1915,2,glued-heading-and-body; mixed-bold-styles(whole+prefix)
Production Supervisor,"Hayward, California, United States - Full-time",https://www.skydio.com/jobs/90771bb1-f860-4b49-90ef-3a15bcd1fada/?gh_jid=90771bb1-f860-4b49-90ef-3a15bcd1fada,2029,2,BR-paragraphs(1); empty-p(1)
"Program Leader, Law Enforcement & Public Safety Training","San Mateo, California, United States - Full-time",https://www.skydio.com/jobs/cedc0320-0238-4fc0-89b9-8d580ada556d/?gh_jid=cedc0320-0238-4fc0-89b9-8d580ada556d,3796,2,glued-heading-and-body; mixed-bold-styles(whole+prefix)
"Program Manager, Major Deployments (Hawaii)","San Mateo, California, United States - Full-time",https://www.skydio.com/jobs/b194dcda-7ff0-4d44-9785-16895a44727f/?gh_jid=b194dcda-7ff0-4d44-9785-16895a44727f,4181,2,empty-p(3); mixed-casing(Title+Sentence)
"Program Manager, Major Deployments (Mid Atlantic)",US Remote - Full-time,https://www.skydio.com/jobs/c2651b2d-14c5-4bf7-9a35-90b3c939af10/?gh_jid=c2651b2d-14c5-4bf7-9a35-90b3c939af10,4238,2,empty-p(3); mixed-casing(Title+Sentence)
"Program Manager, Major Deployments (South East)",US Remote - Full-time,https://www.skydio.com/jobs/28bb232f-54c4-486b-9bdb-c7855d04661d/?gh_jid=28bb232f-54c4-486b-9bdb-c7855d04661d,4201,2,empty-p(3); mixed-casing(Title+Sentence)
Sales Planning Analyst Intern,"San Mateo, California, United States - Intern",https://www.skydio.com/jobs/712900e5-ff75-4e07-8f88-626d4f8ab653/?gh_jid=712900e5-ff75-4e07-8f88-626d4f8ab653,2914,2,empty-p(1); glued-heading-and-body
Senior Autonomy Engineer - Data Curation,"San Mateo, California, United States - Full-time",https://www.skydio.com/jobs/562c2e8f-c366-4149-945e-0f42f4264b5f/?gh_jid=562c2e8f-c366-4149-945e-0f42f4264b5f,3159,2,empty-p(4); mixed-casing(Title+Sentence)
Senior Buyer,"Hayward, California, United States - Full-time",https://www.skydio.com/jobs/5d32766d-990a-4c4c-a8c6-5e934dd8bd38/?gh_jid=5d32766d-990a-4c4c-a8c6-5e934dd8bd38,3470,2,empty-p(3); uses-heading-tag(h2)
Senior Software Engineer - Mobile Platform,"San Mateo, California, United States - Full-time",https://www.skydio.com/jobs/e8cb16b0-d2f0-4cb4-a1a1-0f43d195cc9a/?gh_jid=e8cb16b0-d2f0-4cb4-a1a1-0f43d195cc9a,3688,2,empty-p(3); mixed-casing(Title+Sentence)
"Senior Software Engineer, Frontend","San Mateo, California, United States - Full-time",https://www.skydio.com/jobs/86cfc7bb-001c-4c1c-b680-160265535a96/?gh_jid=86cfc7bb-001c-4c1c-b680-160265535a96,2478,2,mixed-casing(Title+Sentence); mixed-bold-styles(whole+prefix)
"Senior Staff Product Manager, Drone Hardware Platforms & Sensors","San Mateo, California, United States - Full-time",https://www.skydio.com/jobs/9cfecc93-4d5f-4ce4-ae40-cb3ff4783559/?gh_jid=9cfecc93-4d5f-4ce4-ae40-cb3ff4783559,3547,2,BR-paragraphs(1); mixed-trailing-punct((none)/:)
Senior Supplier Quality Engineer,"San Mateo, California, United States - Full-time",https://www.skydio.com/jobs/b0fb285d-0619-42ee-ad24-d549479deb84/?gh_jid=b0fb285d-0619-42ee-ad24-d549479deb84,3093,2,BR-paragraphs(1); empty-p(1)
"Staff Global Supply Manager,  Mechanicals","San Mateo, California, United States - Full-time",https://www.skydio.com/jobs/2ffe6453-4a2f-4dfb-94f8-882f731a11ae/?gh_jid=2ffe6453-4a2f-4dfb-94f8-882f731a11ae,4139,2,empty-p(1); double-space-in-title
"Staff Software Engineer, Frontend","San Mateo, California, United States - Full-time",https://www.skydio.com/jobs/54654035-a78a-4e5b-9ebf-ae4067e5a246/?gh_jid=54654035-a78a-4e5b-9ebf-ae4067e5a246,2448,2,mixed-casing(Title+Sentence); mixed-bold-styles(whole+prefix)
Autonomy Engineer - ML & DL Infrastructure,"San Mateo, California, United States - Full-time",https://www.skydio.com/jobs/b6be08f7-89c0-48dd-b427-f587f23dbf34/?gh_jid=b6be08f7-89c0-48dd-b427-f587f23dbf34,3174,1,empty-p(3)
Electrical Engineer (all levels),"San Mateo, California, United States - Full-time",https://www.skydio.com/jobs/f0c26a3c-d999-4dc2-8812-b3835f633ded/?gh_jid=f0c26a3c-d999-4dc2-8812-b3835f633ded,1718,1,BR-paragraphs(1)
Enterprise Account Manager (MoD/ MoI) – EMEA (Finland),"Tampere, Finland - Full-time",https://www.skydio.com/jobs/d6f731e8-c530-4123-8b52-0e7cab164887/?gh_jid=d6f731e8-c530-4123-8b52-0e7cab164887,4771,1,mixed-trailing-punct(./:)
Enterprise Account Manager (MoD/ MoI) – EMEA (Germany),Germany - Full-time,https://www.skydio.com/jobs/12e9a494-9a89-457c-9dc7-2ef9ccdba17c/?gh_jid=12e9a494-9a89-457c-9dc7-2ef9ccdba17c,4771,1,mixed-trailing-punct(./:)
Enterprise Account Manager (MoD/ MoI) – EMEA (Switzerland),"Zurich, Switzerland - Full-time",https://www.skydio.com/jobs/1d4977a2-c2e7-44ad-820b-253ff8355800/?gh_jid=1d4977a2-c2e7-44ad-820b-253ff8355800,4771,1,mixed-trailing-punct(./:)
"Enterprise Account Manager,  US Navy, US Marine Corps, and IC/SOCOM",US Remote - Full-time,https://www.skydio.com/jobs/e69362bc-5891-486e-be75-6bf25187ccf5/?gh_jid=e69362bc-5891-486e-be75-6bf25187ccf5,3940,1,double-space-in-title
Head of Warehouse & Logistics Operations,US CA Production - Full-time,https://www.skydio.com/jobs/0c1e9360-09dc-4c73-85bc-51aa72afd3ad/?gh_jid=0c1e9360-09dc-4c73-85bc-51aa72afd3ad,3235,1,empty-p(2)
Manufacturing Quality Supervisor,"Hayward, California, United States - Full-time",https://www.skydio.com/jobs/e0c94b6c-e08e-499b-aa62-b010993a9200/?gh_jid=e0c94b6c-e08e-499b-aa62-b010993a9200,2839,1,empty-p(1)
Mission Success Operations Manager,US Remote - Full-time,https://www.skydio.com/jobs/501a3067-e906-4354-b211-ac70db6accf4/?gh_jid=501a3067-e906-4354-b211-ac70db6accf4,3028,1,mixed-trailing-punct((none)/:)
PCB Layout Engineer,"San Mateo, California, United States - Full-time",https://www.skydio.com/jobs/eb2f4124-9bd6-49f9-9636-03152c573f7d/?gh_jid=eb2f4124-9bd6-49f9-9636-03152c573f7d,2549,1,BR-paragraphs(1)
"Production Manager, PM Shift","Hayward, California, United States - Full-time",https://www.skydio.com/jobs/7836de07-b630-438b-8db5-37a9ee618009/?gh_jid=7836de07-b630-438b-8db5-37a9ee618009,2186,1,empty-p(3)
RMA & Repair Program Manager,"Hayward, California, United States - Full-time",https://www.skydio.com/jobs/dab69dc5-1547-40f3-9e45-09d713403349/?gh_jid=dab69dc5-1547-40f3-9e45-09d713403349,3057,1,empty-p(1)
Senior Business Recruiter,"San Mateo, California, United States - Full-time",https://www.skydio.com/jobs/8f1b5980-5318-4728-afd1-36abbb2e8d55/?gh_jid=8f1b5980-5318-4728-afd1-36abbb2e8d55,3543,1,mixed-casing(Title+Sentence)
Senior NPI Product Quality Engineer,"San Mateo, California, United States - Full-time",https://www.skydio.com/jobs/178a7e84-562e-40db-9abd-94bbf29159ca/?gh_jid=178a7e84-562e-40db-9abd-94bbf29159ca,2821,1,underline(1)
Senior Technical Recruiter,"San Mateo, California, United States - Full-time",https://www.skydio.com/jobs/16b0647d-a470-4917-9bb9-a95967828edc/?gh_jid=16b0647d-a470-4917-9bb9-a95967828edc,3023,1,underline(1)
Senior/Staff Embedded Software Engineer – Camera Systems,"San Mateo, California, United States - Full-time",https://www.skydio.com/jobs/71033170-d9d0-474b-b712-a11e4f11c146/?gh_jid=71033170-d9d0-474b-b712-a11e4f11c146,2833,1,empty-p(4)
"Software Engineer, Full Stack","San Mateo, California, United States - Full-time",https://www.skydio.com/jobs/f0020863-db72-480f-916d-375986f86031/?gh_jid=f0020863-db72-480f-916d-375986f86031,1926,1,mixed-casing(Title+Sentence)
Sr/Staff Embedded Software Engineer - Camera Systems,"Tampere, Finland - Full-time",https://www.skydio.com/jobs/898a9c77-cc20-4ed6-a050-f68e5c15d5c8/?gh_jid=898a9c77-cc20-4ed6-a050-f68e5c15d5c8,2833,1,empty-p(4)
"Staff Product Manager, Cameras & Sensors","San Mateo, California, United States - Full-time",https://www.skydio.com/jobs/21f27933-a8cb-421f-997f-9d865d372833/?gh_jid=21f27933-a8cb-421f-997f-9d865d372833,3975,1,mixed-trailing-punct((none)/:)
Staff Technical Recruiter,"San Mateo, California, United States - Full-time",https://www.skydio.com/jobs/c3a4256a-4525-443c-81d0-6f69e7c24805/?gh_jid=c3a4256a-4525-443c-81d0-6f69e7c24805,3002,1,underline(1)
"Supplier Quality Engineer, Sustaining",Taiwan - Full-time,https://www.skydio.com/jobs/4c4874bf-02da-4ccc-8918-2cca08feaf21/?gh_jid=4c4874bf-02da-4ccc-8918-2cca08feaf21,4066,1,empty-p(1)
Supply Chain Intern,"San Mateo, California, United States - Intern",https://www.skydio.com/jobs/2d21f482-3224-4906-a1bb-6a64436774cb/?gh_jid=2d21f482-3224-4906-a1bb-6a64436774cb,1655,1,BR-paragraphs(1)
Wireless Hardware Engineer Intern,"San Mateo, California, United States - Intern",https://www.skydio.com/jobs/5e1057a4-214f-4783-b676-c1315cfa81ea/?gh_jid=5e1057a4-214f-4783-b676-c1315cfa81ea,2611,1,BR-paragraphs(1)
Autonomy Engineer - Deep Learning,"Zurich, Switzerland - Full-time",https://www.skydio.com/jobs/ae12de71-0010-49d3-b171-c0b257e3b6c1/?gh_jid=ae12de71-0010-49d3-b171-c0b257e3b6c1,2574,0,(clean)
Autonomy Engineer - Deep Learning,"San Mateo, California, United States - Full-time",https://www.skydio.com/jobs/cc83824e-a1cd-4bc7-9206-7264da9fbd61/?gh_jid=cc83824e-a1cd-4bc7-9206-7264da9fbd61,2573,0,(clean)
Autonomy Engineer - Fixed Wing Planning & Controls,"San Mateo, California, United States - Full-time",https://www.skydio.com/jobs/20754382-05e7-4cb6-a0f9-0daf9338ba78/?gh_jid=20754382-05e7-4cb6-a0f9-0daf9338ba78,1789,0,(clean)
Autonomy Engineer Intern - Computer Vision/Deep Learning Fall 2026,"San Mateo, California, United States - Intern",https://www.skydio.com/jobs/c84945f0-b8e0-4272-b636-265d6611a8eb/?gh_jid=c84945f0-b8e0-4272-b636-265d6611a8eb,2210,0,(clean)
Autonomy Engineer Intern - Deep Learning (Computational Photography),"Zurich, Switzerland or Tampere, Finland - Intern",https://www.skydio.com/jobs/6280ab1d-147d-4f39-8618-a216c18ce0f9/?gh_jid=6280ab1d-147d-4f39-8618-a216c18ce0f9,4082,0,(clean)
Autonomy Engineer Intern - Deep Learning (Computational Photography),"San Mateo, California, United States - Intern",https://www.skydio.com/jobs/d13e3179-e646-4873-84a6-d492a692bc25/?gh_jid=d13e3179-e646-4873-84a6-d492a692bc25,4082,0,(clean)
Autonomy Engineer Intern Fall 2026,"San Mateo, California, United States - Intern",https://www.skydio.com/jobs/17f6173b-c96f-4b02-a6b5-da0a91ad95e5/?gh_jid=17f6173b-c96f-4b02-a6b5-da0a91ad95e5,1866,0,(clean)
Electrical Engineer (Sustaining/Validation),"San Mateo, California, United States - Full-time",https://www.skydio.com/jobs/8e50c7da-2868-4383-af1f-920584d537fc/?gh_jid=8e50c7da-2868-4383-af1f-920584d537fc,2083,0,(clean)
Engineering Manager - Autonomy,"San Mateo, California, United States - Full-time",https://www.skydio.com/jobs/849ae77c-5ca2-42b5-812b-8b3ad4524a89/?gh_jid=849ae77c-5ca2-42b5-812b-8b3ad4524a89,2358,0,(clean)
"Enterprise Account Manager, US Army",US Remote - Full-time,https://www.skydio.com/jobs/19559b4c-ed09-41eb-b1aa-f000a855b8fe/?gh_jid=19559b4c-ed09-41eb-b1aa-f000a855b8fe,3474,0,(clean)
Field Support Representative,US Remote - Full-time,https://www.skydio.com/jobs/b053b0e2-005c-4e77-95f3-26c7354e6095/?gh_jid=b053b0e2-005c-4e77-95f3-26c7354e6095,3730,0,(clean)
Hardware Test and Reliability Intern,"San Mateo, California, United States - Intern",https://www.skydio.com/jobs/4a1441bf-6979-46d0-a466-d9b8fd0a9762/?gh_jid=4a1441bf-6979-46d0-a466-d9b8fd0a9762,2803,0,(clean)
PhD Autonomy Engineer Intern - Deep Learning or Computer Vision,"San Mateo, California, United States - Intern",https://www.skydio.com/jobs/8d3979a8-c791-4825-8cf4-9b25479b9519/?gh_jid=8d3979a8-c791-4825-8cf4-9b25479b9519,2257,0,(clean)
RF Design Engineer,"San Mateo, California, United States - Full-time",https://www.skydio.com/jobs/f72f1fa5-d3d6-459e-8722-a94ce92ad1c8/?gh_jid=f72f1fa5-d3d6-459e-8722-a94ce92ad1c8,2699,0,(clean)
Senior Autonomy Engineer - Controls,"San Mateo, California, United States - Full-time",https://www.skydio.com/jobs/58b4cdf6-5630-4dd0-aab3-a1ed4d599466/?gh_jid=58b4cdf6-5630-4dd0-aab3-a1ed4d599466,1705,0,(clean)
Senior Hardware Test and Reliability Engineer,"San Mateo, California, United States - Full-time",https://www.skydio.com/jobs/c0e49670-51ca-461c-b0e2-4a06df01f692/?gh_jid=c0e49670-51ca-461c-b0e2-4a06df01f692,3910,0,(clean)
Senior Software Engineer - Embedded,"San Mateo, California, United States - Full-time",https://www.skydio.com/jobs/67a7d89f-9c4e-4f60-bdf1-a60b8addd8ae/?gh_jid=67a7d89f-9c4e-4f60-bdf1-a60b8addd8ae,2402,0,(clean)
Senior Software Engineer - Security,"San Mateo, California, United States - Full-time",https://www.skydio.com/jobs/bcd3d614-178c-4349-afd4-76476211b7fe/?gh_jid=bcd3d614-178c-4349-afd4-76476211b7fe,2979,0,(clean)
Senior Wireless Systems Performance Engineer,"San Mateo, California, United States - Full-time",https://www.skydio.com/jobs/f1ecf164-714c-4f1a-b672-d763f5724c03/?gh_jid=f1ecf164-714c-4f1a-b672-d763f5724c03,2726,0,(clean)
Software Engineer - Embedded,"San Mateo, California, United States - Full-time",https://www.skydio.com/jobs/ef9f7dd2-5a88-49b4-a507-d5fc9cad565a/?gh_jid=ef9f7dd2-5a88-49b4-a507-d5fc9cad565a,2402,0,(clean)
Staff Software Engineer - Embedded,"San Mateo, California, United States - Full-time",https://www.skydio.com/jobs/b3b2dea9-63bb-4adb-ba29-69bd8f7a18eb/?gh_jid=b3b2dea9-63bb-4adb-ba29-69bd8f7a18eb,2401,0,(clean)
Systems Integration and Test Engineer (Mid to Senior Level),"San Mateo, California, United States - Full-time",https://www.skydio.com/jobs/a1a60b27-53a8-455e-b467-712e01c532dc/?gh_jid=a1a60b27-53a8-455e-b467-712e01c532dc,3914,0,(clean)
Wireless Software Engineer,"San Mateo, California, United States - Full-time",https://www.skydio.com/jobs/04fde92b-6a2b-4638-adc2-e8fa91cc1a49/?gh_jid=04fde92b-6a2b-4638-adc2-e8fa91cc1a49,2818,0,(clean)
