title,location,type,url,word_count,found_compensation_block,cut_signal,uses_real_headings,real_heading_tag_breakdown,uses_bold_pseudo_headings,bold_pseudo_heading_count,heading_colon_style,paragraph_count,ul_count,ol_count,li_total,br_count,italic_count,underline_count,link_count,uses_c_link_class,inline_style_count,emoji_in_body,section_labels
Autonomy Engineer - Deep Learning,"Zurich, Switzerland",Full-time,https://www.skydio.com/jobs/1208ec60-0fb6-4e5d-bf1f-af1312139a84,368,False,li_slug,False,,True,3,all-colon,7,2,0,14,1,0,0,4,False,0,False,About the role: | How you'll make an impact: | What makes you a good fit:
Autonomy Engineer - Deep Learning,"San Mateo, California, United States",Full-time,https://www.skydio.com/jobs/cc83824e-a1cd-4bc7-9206-7264da9fbd61,365,True,compensation,False,,True,3,all-colon,6,2,0,14,0,0,0,0,False,0,False,About the role: | How you'll make an impact: | What makes you a good fit:
Autonomy Engineer - Deep Learning Infrastructure,"Zurich, Switzerland",Full-time,https://www.skydio.com/jobs/06234e2e-6285-43ce-9ae5-417cbfb85436,451,False,li_slug,False,,True,1,all-colon,4,2,0,17,6,0,0,4,False,0,False,What makes you a good fit:
Autonomy Engineer - Deep Learning Infrastructure,"San Mateo, California, United States",Full-time,https://www.skydio.com/jobs/dcb04687-9b4f-425d-8c37-1111cf3ccf3d,481,True,compensation,False,,True,1,all-colon,4,2,0,17,8,0,0,4,True,0,False,What makes you a good fit:
Autonomy Engineer - Deep Learning Model Acceleration,"Zurich, Switzerland",Full-time,https://www.skydio.com/jobs/0aff9e3d-6c59-4463-845c-850b78b48172,452,False,li_slug,False,,True,1,all-colon,4,2,0,17,6,0,0,4,False,0,False,What makes you a good fit:
Autonomy Engineer - Deep Learning Model Acceleration,"San Mateo, California, United States",Full-time,https://www.skydio.com/jobs/cd6d8410-419b-4713-8d4d-7eb72b134d5a,449,True,compensation,False,,True,1,all-colon,3,2,0,17,6,0,0,4,True,0,False,What makes you a good fit:
Autonomy Engineer - Fixed Wing Planning & Controls,"San Mateo, California, United States",Full-time,https://www.skydio.com/jobs/20754382-05e7-4cb6-a0f9-0daf9338ba78,260,True,compensation,False,,True,3,all-colon,5,2,0,12,0,0,0,0,False,0,False,About the Role: | How You'll Make an Impact: | What Makes You a Good Fit:
Autonomy Engineer - ML & DL Infrastructure,"Zurich, Switzerland",Full-time,https://www.skydio.com/jobs/7a611e90-4034-4e35-acce-388f48f7d3c0,454,False,li_slug,False,,True,3,all-colon,9,3,0,13,0,0,0,4,False,0,False,About the Role: | How You'll Make an Impact: | What Makes You a Good Fit:
Autonomy Engineer - ML & DL Infrastructure,"San Mateo, California, United States",Full-time,https://www.skydio.com/jobs/b6be08f7-89c0-48dd-b427-f587f23dbf34,454,True,compensation,False,,True,3,all-colon,8,3,0,13,0,0,0,4,False,0,False,About the Role: | How You'll Make an Impact: | What Makes You a Good Fit:
Autonomy Engineer - Planning and Controls,"Zurich, Switzerland",Full-time,https://www.skydio.com/jobs/d5a3ac9c-7b50-4e51-9600-f3c3105652cd,230,False,li_slug,False,,True,2,all-colon,5,2,0,11,2,0,0,4,False,0,False,About the role: | What makes you a good fit:
Autonomy Engineer Intern - Computer Vision/Deep Learning Fall 2026,"Zurich, Switzerland",Intern,https://www.skydio.com/jobs/611a7f87-bc4c-468f-976f-ecd33b731fa3,341,False,li_slug,False,,True,3,all-colon,8,2,0,8,1,0,0,4,False,0,False,About the role: | How you'll make an impact: | What makes you a strong fit:
Autonomy Engineer Intern - Computer Vision/Deep Learning Fall 2026,"San Mateo, California, United States",Intern,https://www.skydio.com/jobs/c84945f0-b8e0-4272-b636-265d6611a8eb,341,True,compensation,False,,True,3,all-colon,7,2,0,8,1,0,0,4,False,0,False,About the role: | How you'll make an impact: | What makes you a strong fit:
Autonomy Engineer Intern - Deep Learning (Computational Photography),"Zurich, Switzerland or Tampere, Finland",Intern,https://www.skydio.com/jobs/92a7a891-d332-459c-9aa8-e96afea4f2a4,457,False,eeo_diversity,False,,True,3,all-colon,8,2,0,15,0,0,0,4,False,0,False,About the role: | How you'll make an impact: | What makes you a good fit:
Autonomy Engineer Intern - Deep Learning (Computational Photography),"San Mateo, California, United States",Intern,https://www.skydio.com/jobs/d13e3179-e646-4873-84a6-d492a692bc25,457,False,eeo_diversity,False,,True,3,all-colon,8,2,0,15,0,0,0,4,False,0,False,About the role: | How you'll make an impact: | What makes you a good fit:
Autonomy Engineer Intern Fall 2026,"San Mateo, California, United States",Intern,https://www.skydio.com/jobs/17f6173b-c96f-4b02-a6b5-da0a91ad95e5,279,True,compensation,False,,True,3,all-colon,6,2,0,8,0,0,0,4,False,0,False,About the role: | How you'll make an impact: | What makes you a good fit:
Autonomy Engineer Intern Fall 2026,"Zurich, Switzerland",Intern,https://www.skydio.com/jobs/c48dabe8-cb67-4694-aacc-f9ef4d34ae50,279,False,li_slug,False,,True,3,all-colon,7,2,0,8,0,0,0,4,False,0,False,About the role: | How you'll make an impact: | What makes you a good fit:
Autonomy Software Engineer,"San Mateo, California, United States",Full-time,https://www.skydio.com/jobs/a48fe41b-030b-4f11-bf25-df7446151854,392,True,compensation,False,,True,1,all-colon,3,2,0,12,4,0,0,4,True,0,False,What makes you a good fit:
Aviation Compliance Lead,"San Mateo, California, United States",Full-time,https://www.skydio.com/jobs/b9f9047b-1555-4978-9bff-70eae58a6b17,558,False,li_slug,True,h2=4,False,0,n/a,7,3,0,16,1,0,0,0,False,0,False,text
Aviation Regulatory Program Manager,US Remote,Full-time,https://www.skydio.com/jobs/d73ae64d-5877-4ab6-ad42-0224702f3fba,493,True,compensation,True,h2=3,False,0,n/a,8,2,0,16,0,0,0,0,False,0,False,text
Communications Manager,US Remote,Full-time,https://www.skydio.com/jobs/50567d8d-2903-494f-8e08-7c8ca734dc3a,425,True,compensation,True,h2=3,False,0,n/a,5,2,0,12,0,0,0,4,False,0,False,text
"Customer Success Manager, DFR Majors - Northeast",US Remote,Full-time,https://www.skydio.com/jobs/23721f25-7d5f-45fa-a5fe-d58f9680e1ef,499,True,compensation,False,,True,4,all-colon,8,2,0,19,0,0,0,0,False,0,False,About the Team: | About the role: | How you'll make an impact: | What makes you a good fit:
"Customer Success Manager, DFR Majors - Southeast",US Remote,Full-time,https://www.skydio.com/jobs/3d4ac015-a6db-4a8d-9fec-557eb92eaf8d,496,True,compensation,False,,True,5,mixed,9,3,0,19,0,0,0,4,False,0,False,About the Team: | About the role: | How you'll make an impact: | Requirements | What makes you a good fit:
"Customer Success Manager, DFR Mid-Market - Northeast",US Remote,Full-time,https://www.skydio.com/jobs/5c7a2b78-99d8-44f4-8c51-258c331a331d,508,True,compensation,False,,True,5,mixed,14,3,0,18,0,0,0,4,False,0,False,About the Team: | About the role: | Experience & Skills | How you'll make an impact: | Requirements
Deployment Engineer - Southeast,US Remote,Full-time,https://www.skydio.com/jobs/6138ba1c-c048-407d-9ea2-7b51a3d38756,595,True,compensation,False,,True,5,all-colon,12,3,0,23,0,0,0,4,False,0,False,About the Team: | About the role: | How you'll make an impact: | Nice to have: | What makes you a good fit:
"Director of Product Management, Drone as First Responder (DFR)","San Mateo, California, United States",Full-time,https://www.skydio.com/jobs/129a5bad-ca1d-4eda-843b-96f4581f3c43,601,True,compensation,False,,True,2,all-colon,4,3,0,20,4,0,0,4,False,0,False,Bonus points for: | What makes you a good fit:
"Director, Global Supply Management - Mechanicals","San Mateo, California, United States",Full-time,https://www.skydio.com/jobs/eb7fbbdb-3346-4f7f-a202-8bfd3441217a,612,True,compensation,False,,True,3,all-colon,26,0,0,0,0,0,0,4,False,0,False,About the role: | Desired Qualifications: | What you will do:
"Director, Growth Marketing - Commercial","San Mateo, California, United States",Full-time,https://www.skydio.com/jobs/00d0bdc5-89ad-4182-8512-ab0a028953f6,596,True,compensation,False,,True,5,mixed,10,6,0,23,8,1,0,4,False,0,False,About the role: | Additional Desired Experience and Skills | Key Responsibilities: | What Success Looks Like: | What Would Make You a Good Fit:
Electrical Engineer (all levels),"San Mateo, California, United States",Full-time,https://www.skydio.com/jobs/f0c26a3c-d999-4dc2-8812-b3835f633ded,244,True,compensation,False,,True,2,all-colon,4,2,0,13,2,0,0,4,False,0,False,About the role: | What makes you a good fit:
Electrical Engineer (Sustaining/Validation),"San Mateo, California, United States",Full-time,https://www.skydio.com/jobs/8e50c7da-2868-4383-af1f-920584d537fc,295,True,compensation,False,,True,2,all-colon,4,2,0,14,1,0,0,4,False,0,False,About the role: | What makes you a good fit:
Engineering Manager - Autonomy,"San Mateo, California, United States",Full-time,https://www.skydio.com/jobs/849ae77c-5ca2-42b5-812b-8b3ad4524a89,338,True,compensation,False,,True,3,all-colon,5,2,0,10,1,0,0,4,True,0,False,About the role: | How you'll make an impact: | What makes you a good fit:
Enterprise Account Manager (MoD/ MoI) – EMEA (Finland),"Tampere, Finland",Full-time,https://www.skydio.com/jobs/d6f731e8-c530-4123-8b52-0e7cab164887,602,True,compensation,False,,True,4,mixed,8,2,0,22,2,0,0,0,False,0,False,"About the Role: | How You'll Make an Impact: | This role must be based in Switzerland, Germany, or Finland. | What Makes You a Good Fit:"
Enterprise Account Manager (MoD/ MoI) – EMEA (Germany),Germany,Full-time,https://www.skydio.com/jobs/12e9a494-9a89-457c-9dc7-2ef9ccdba17c,602,True,compensation,False,,True,4,mixed,8,2,0,22,2,0,0,0,False,0,False,"About the Role: | How You'll Make an Impact: | This role must be based in Switzerland, Germany, or Finland. | What Makes You a Good Fit:"
Enterprise Account Manager (MoD/ MoI) – EMEA (Switzerland),"Zurich, Switzerland",Full-time,https://www.skydio.com/jobs/1d4977a2-c2e7-44ad-820b-253ff8355800,602,True,compensation,False,,True,4,mixed,8,2,0,22,2,0,0,0,False,0,False,"About the Role: | How You'll Make an Impact: | This role must be based in Switzerland, Germany, or Finland. | What Makes You a Good Fit:"
"Enterprise Account Manager,  US Navy, US Marine Corps, and IC/SOCOM",US Remote,Full-time,https://www.skydio.com/jobs/e69362bc-5891-486e-be75-6bf25187ccf5,508,True,compensation,False,,True,3,all-colon,6,2,0,20,0,0,0,0,False,0,False,About the Role: | How You'll Make an Impact: | What Makes You a Good Fit:
"Enterprise Account Manager, US Army",US Remote,Full-time,https://www.skydio.com/jobs/19559b4c-ed09-41eb-b1aa-f000a855b8fe,474,True,compensation,False,,True,3,all-colon,6,2,0,20,0,0,0,4,False,0,False,About the Role: | How You'll Make an Impact: | What Makes You a Good Fit:
Field Support Representative,US Remote,Full-time,https://www.skydio.com/jobs/b053b0e2-005c-4e77-95f3-26c7354e6095,513,True,compensation,False,,True,4,all-colon,7,2,0,18,0,0,0,4,False,0,False,About the role: | About the team: | How you'll make an impact: | What makes you a good fit:
"Field Support Representative (Southwest, Remote)",US Remote,Full-time,https://www.skydio.com/jobs/9b93e7c2-e5d5-48b2-a2d2-8df71e0d8357,712,True,compensation,False,,True,3,all-colon,8,4,0,22,0,0,0,4,False,0,False,About the role: | How you'll make an impact: | What makes you a good fit:
Full Stack Product Counsel,"San Mateo, California, United States",Full-time,https://www.skydio.com/jobs/c9e40dab-ae7d-4034-a335-b3e05d419672,660,False,li_slug,True,h3=4,False,0,n/a,13,2,0,15,0,0,1,5,False,0,False,text
GTM Data Engineer Intern,"San Mateo, California, United States",Intern,https://www.skydio.com/jobs/b90b9b3b-e326-4fb6-85bd-fe52bec5f180,456,True,compensation,False,,True,4,all-colon,8,4,0,18,3,0,0,0,False,0,False,Bonus points: | How you'll make an impact: | What makes you a good fit: | What you'll gain:
GTM Enablement Associate,"San Mateo, California, United States",Full-time,https://www.skydio.com/jobs/2b3fea3b-e1b5-4497-9607-e9864019b0e7,374,True,compensation,False,,True,3,all-colon,9,3,0,18,2,0,0,0,False,0,False,How you'll make an impact: | Preferred Qualifications: | What makes you a good fit:
"GTM Engineer, Pre-Sales",US CA San Mateo,Full-time,https://www.skydio.com/jobs/c0a67a10-0cda-4892-b9a5-8eadda765587,871,True,compensation,False,,True,3,mixed,18,8,0,26,6,8,0,4,False,0,False,About the Role: | How You'll Make an Impact: | Nice To Haves
Hardware Engineering Program Manager,"San Mateo, California, United States",Full-time,https://www.skydio.com/jobs/b49e6784-2183-4de4-a0a1-7661203c254a,491,True,compensation,True,h2=3;h3=5,False,0,n/a,5,5,0,23,0,0,0,4,False,0,False,text
Hardware Operations Program Manager,"Hayward, California, United States",Full-time,https://www.skydio.com/jobs/55b393cf-124c-46f8-bd83-8c62e3ce628b,379,True,compensation,False,,True,3,all-colon,6,2,0,12,0,0,0,0,False,0,False,About the role: | How you'll make an impact: | What makes you a good fit:
Head of Warehouse & Logistics Operations,"Hayward, California, United States",Full-time,https://www.skydio.com/jobs/0c1e9360-09dc-4c73-85bc-51aa72afd3ad,447,True,compensation,False,,True,3,all-colon,7,2,0,20,1,0,0,4,False,0,False,About the role: | How you'll make an impact: | What makes you a good fit:
IT Technician (Help Desk - Linux Focus),"Hayward, California, United States",Full-time,https://www.skydio.com/jobs/28c865cf-6aa4-45d1-ae13-34bb8f6b776b,524,True,compensation,False,,True,6,no-colon,18,14,0,42,9,0,0,4,False,0,False,"About the Role | Location | Nice to Have | Onsite - 5 days/week, Monday - Friday: 3:30pm - 12am Skydio Manufacturing (Hayward, CA) | What Makes You a Good Fit | What You'll Do"
Lead Staff Electrical Engineer,"San Mateo, California, United States",Full-time,https://www.skydio.com/jobs/1bbcf144-7057-4a6e-9d51-4924bfda52b9,318,True,compensation,False,,True,2,all-colon,6,2,0,15,1,0,1,5,False,0,False,How you'll make an impact: | What makes you a good fit:
"Manager, Logistics","Hayward, California, United States",Full-time,https://www.skydio.com/jobs/eeb4b52f-d4e6-4823-9e4b-0ce75041d928,446,True,compensation,False,,True,3,all-colon,6,3,0,23,0,0,0,4,False,1,False,About the role: | How you will make an impact: | What makes you a good fit:
"Manager, Technical Support","San Mateo, California, United States",Full-time,https://www.skydio.com/jobs/2b312ffb-26c3-4b7f-8904-acbc4e51934b,780,True,compensation,False,,True,4,all-colon,8,2,0,22,0,0,0,4,False,0,False,About the role: | About the team: | How you'll make an impact: | What makes you a good fit:
Middleware Software Engineer Intern - Fall 2026,"San Mateo, California, United States",Intern,https://www.skydio.com/jobs/7d9dbb60-4ca1-4ba8-8bae-5ebfded4a915,333,True,compensation,False,,True,3,all-colon,6,2,0,11,0,0,0,4,False,0,False,About the role: | How you'll make an impact: | What makes you a good fit:
Mission Success Operations Manager,US Remote,Full-time,https://www.skydio.com/jobs/501a3067-e906-4354-b211-ac70db6accf4,452,True,compensation,False,,True,4,mixed,7,4,0,17,0,0,0,0,False,0,False,About the Team: | About the role: | How you'll make an impact: | What makes you a good fit
PCB Layout Engineer,"San Mateo, California, United States",Full-time,https://www.skydio.com/jobs/eb2f4124-9bd6-49f9-9636-03152c573f7d,346,True,compensation,False,,True,2,all-colon,4,2,0,12,2,0,0,4,False,0,False,About the role: | What makes you a good fit:
PhD Autonomy Engineer Intern - Deep Learning or Computer Vision,"San Mateo, California, United States",Intern,https://www.skydio.com/jobs/8d3979a8-c791-4825-8cf4-9b25479b9519,342,True,compensation,False,,False,0,n/a,1,3,0,9,1,0,0,0,False,0,False,
PhD Autonomy Engineer Intern - Deep Learning or Computer Vision,"Zurich, Switzerland",Intern,https://www.skydio.com/jobs/c783c8dd-f604-47d0-aae0-187af89c81b4,345,False,li_slug,False,,False,0,n/a,1,3,0,9,1,0,0,4,False,0,False,
PhD Autonomy Engineer Intern - Planning & Controls (Reinforcement Learning),"Zurich, Switzerland",Intern,https://www.skydio.com/jobs/12590806-3cf0-4bc3-930b-12b53e227a5c,444,False,li_slug,True,h3=3,True,2,all-colon,5,4,0,17,0,0,0,4,False,0,False,About the role: | Nice-to-Haves: | text
Product Design Engineer (All Levels),"San Mateo, California, United States",Full-time,https://www.skydio.com/jobs/3f02ead1-8efe-4e3f-9c75-625e74ab57d1,448,True,compensation,False,,True,2,all-colon,4,2,0,16,1,0,0,4,False,0,False,How you'll make an impact: | What makes you a good fit:
Product Support Engineer,"San Mateo, California, United States",Full-time,https://www.skydio.com/jobs/a4f131a0-4dde-46ce-85a1-c83fc3e0f21e,581,True,compensation,False,,False,0,n/a,6,2,0,22,2,0,0,4,False,0,False,
Product Support Engineer Intern,"San Mateo, California, United States",Intern,https://www.skydio.com/jobs/8df0689e-a489-4c72-a1f7-09dfe59745b8,441,True,compensation,False,,False,0,n/a,7,2,0,15,2,0,0,4,False,0,False,
"Program Manager, Major Deployments (Hawaii)","San Mateo, California, United States",Full-time,https://www.skydio.com/jobs/b194dcda-7ff0-4d44-9785-16895a44727f,596,True,compensation,False,,True,3,all-colon,9,2,0,14,0,0,0,4,False,0,False,About the role: | How you'll make an impact: | What Makes You A Good Fit:
Public Safety Strategist,US Remote,Full-time,https://www.skydio.com/jobs/3a694691-50c2-43cf-b969-f40bad1d9e39,601,True,compensation,False,,True,3,all-colon,6,4,0,26,0,0,1,4,False,0,False,About the Role: | How You'll Make an Impact: | What Makes You a Good Fit:
"Revenue Operations Engineer, Quoting Systems","San Mateo, California, United States",Full-time,https://www.skydio.com/jobs/02d54431-2747-417d-8234-e72c316fed87,508,True,compensation,True,h2=5,True,1,all-colon,6,5,0,25,4,0,0,0,False,0,False,About the Role: | text
RF Design Engineer,"San Mateo, California, United States",Full-time,https://www.skydio.com/jobs/f72f1fa5-d3d6-459e-8722-a94ce92ad1c8,391,True,compensation,False,,True,3,all-colon,5,2,0,19,0,0,0,4,False,0,False,About the Role: | How You'll Make an Impact: | What Makes You a Good Fit:
Sales Planning Analyst Intern,"San Mateo, California, United States",Intern,https://www.skydio.com/jobs/712900e5-ff75-4e07-8f88-626d4f8ab653,409,True,compensation,False,,True,2,all-colon,7,2,0,18,1,0,0,0,False,0,False,How You'll Make an Impact: | What Would Make You a Good Fit:
Senior Autonomy Engineer - Controls,"San Mateo, California, United States",Full-time,https://www.skydio.com/jobs/58b4cdf6-5630-4dd0-aab3-a1ed4d599466,245,True,compensation,False,,True,3,all-colon,5,3,0,9,0,0,0,0,False,0,False,About the Role: | How You'll Make an Impact: | What Makes You a Good Fit:
Senior Autonomy Engineer - Deep Learning,"Zurich, Switzerland",Full-time,https://www.skydio.com/jobs/4ded3e5e-cdfe-4dc5-bbaf-0d3023521246,317,False,li_slug,False,,True,2,all-colon,5,2,0,13,3,0,0,4,False,0,False,How you'll make an impact: | What makes you a good fit:
Senior Autonomy Engineer - Deep Learning,"San Mateo, California, United States",Full-time,https://www.skydio.com/jobs/a6421d3e-fdd0-48d6-8d8f-3fd605cdf09f,314,True,compensation,False,,True,2,all-colon,6,2,0,13,2,0,0,0,False,0,False,How you'll make an impact: | What makes you a good fit:
Senior Business Operations Manager,"San Mateo, California, United States",Full-time,https://www.skydio.com/jobs/17b9ecf9-7a47-4811-b035-e1b9a54966aa,506,True,compensation,True,h3=3,True,3,all-colon,7,4,0,26,0,0,0,4,False,0,False,About the Role: | How you'll make an impact: | What makes you a good fit: | text
Senior Buyer,"Hayward, California, United States",Full-time,https://www.skydio.com/jobs/5d32766d-990a-4c4c-a8c6-5e934dd8bd38,478,True,compensation,True,h2=2,True,1,all-colon,7,2,0,22,0,0,0,4,False,0,False,About the role: | text
Senior Customer Support Representative - India,"Bangalore, India",Full-time,https://www.skydio.com/jobs/bb7a9c5c-8dbb-4a2f-9d7d-db9ab1f707b0,614,True,compensation,False,,True,3,all-colon,7,3,0,22,0,0,0,4,False,0,False,About the role: | How you'll make an impact: | What would make you a good fit:
"Senior Director, Product Management, Drone as First Responder (DFR)","San Mateo, California, United States",Full-time,https://www.skydio.com/jobs/7ef6359b-6454-4f91-871f-b33961585086,602,True,compensation,False,,True,2,all-colon,5,3,0,20,2,0,0,4,False,0,False,Bonus points for: | What makes you a good fit:
"Senior Engineering Manager, Infrastructure","San Mateo, California, United States",Full-time,https://www.skydio.com/jobs/3e7fb209-7973-4b5e-bf3e-b9a8a1f390eb,493,True,compensation,False,,True,2,all-colon,7,3,0,18,0,0,0,4,False,0,False,How you'll make an impact: | What makes you a good fit:
Senior Hardware Test and Reliability Engineer,"San Mateo, California, United States",Full-time,https://www.skydio.com/jobs/c0e49670-51ca-461c-b0e2-4a06df01f692,539,True,compensation,False,,True,3,all-colon,7,2,0,12,0,0,0,0,False,0,False,About the role: | How you will make an impact: | Useful skills and experience:
Senior NPI Product Quality Engineer,"San Mateo, California, United States",Full-time,https://www.skydio.com/jobs/178a7e84-562e-40db-9abd-94bbf29159ca,391,True,compensation,False,,True,3,all-colon,6,2,0,19,0,1,1,0,False,0,False,About the role: | How you'll make an impact: | What makes you a good fit:
Senior People Analytics Analyst,"San Mateo, California, United States",Full-time,https://www.skydio.com/jobs/0703aaa0-9fcb-4b22-ad8c-b53e74151a72,454,True,compensation,False,,True,4,mixed,6,3,0,16,0,0,0,4,False,0,False,About The Role | How You'll Make an Impact: | Preferred Qualifications | What Makes Your a Good Fit:
"Senior Product Manager, Platform & Infrastructure","San Mateo, California, United States",Full-time,https://www.skydio.com/jobs/8d67884d-58f4-41a7-8740-ab65d3c03fa8,767,True,compensation,False,,True,3,mixed,14,2,0,15,1,0,0,4,False,0,False,How you'll make an impact: | Location | What would make you a strong fit:
Senior Revenue Operations Manager,"San Mateo, California, United States",Full-time,https://www.skydio.com/jobs/05e9f029-3a9d-4956-a4c8-e0bc786dd86a,441,True,compensation,False,,True,4,all-colon,10,3,0,18,0,0,0,0,False,0,False,About the Role: | How You'll Make an Impact: | Preferred Qualifications: | What Makes You a Good Fit:
Senior RF Design Engineer,"San Mateo, California, United States",Full-time,https://www.skydio.com/jobs/7bd047de-b65b-42b2-a2bf-7d33ceabd083,595,True,compensation,False,,True,3,all-colon,9,3,0,25,0,0,0,4,False,0,False,About the Role: | How You'll Make an Impact: | What Makes You a Good Fit:
Senior Software Engineer - Embedded,"San Mateo, California, United States",Full-time,https://www.skydio.com/jobs/67a7d89f-9c4e-4f60-bdf1-a60b8addd8ae,353,True,compensation,False,,True,4,all-colon,6,3,0,17,0,0,0,4,True,0,False,About the role: | About the team: | How you'll make an impact: | What makes you a good fit:
Senior Software Engineer - Mobile Platform,"San Mateo, California, United States",Full-time,https://www.skydio.com/jobs/e8cb16b0-d2f0-4cb4-a1a1-0f43d195cc9a,530,True,compensation,False,,True,5,all-colon,11,3,0,18,0,0,0,4,False,0,False,About the Role: | About the Team: | How You'll Make an Impact: | Nice To Haves: | What Makes You a Good Fit:
Senior Software Engineer - Security,"San Mateo, California, United States",Full-time,https://www.skydio.com/jobs/bcd3d614-178c-4349-afd4-76476211b7fe,418,True,compensation,False,,True,4,all-colon,6,3,0,17,0,0,0,4,False,0,False,About the Role: | How you'll make an impact: | Nice to have: | What makes you a good fit:
"Senior Software Engineer,  Data Platform","San Mateo, California, United States",Full-time,https://www.skydio.com/jobs/aeaa130d-3e8b-42c5-a805-46f056e62fda,731,True,compensation,False,,True,5,mixed,10,3,0,20,1,0,0,4,False,0,False,About the role: | Examples of what you'll help build: | How you'll make an impact: | What would make you a good fit: | Why Join Us?
"Senior Software Engineer,  Infrastructure","San Mateo, California, United States",Full-time,https://www.skydio.com/jobs/0f71bdbb-a645-49f6-8890-dd5c052772c3,400,True,compensation,False,,True,3,all-colon,6,3,0,13,0,0,0,4,False,0,False,Bonus points: | How you'll make an impact: | What makes you a good fit:
"Senior Software Engineer, Frontend","San Mateo, California, United States",Full-time,https://www.skydio.com/jobs/86cfc7bb-001c-4c1c-b680-160265535a96,350,True,compensation,False,,True,4,all-colon,8,3,0,15,0,0,0,0,False,0,False,About the Role: | Bonus Points: | How You'll Make an Impact: | What Makes You a Good Fit:
"Senior Software Engineer, Full Stack","San Mateo, California, United States",Full-time,https://www.skydio.com/jobs/5655fbe3-66b0-4951-afdc-3b67f71e6938,623,True,compensation,False,,True,4,all-colon,11,3,0,13,1,0,1,1,False,0,False,About the role: | Bonus points for: | How you'll make an impact: | What would make you a good fit:
Senior Strategy and Planning Analyst,US CA San Mateo,Full-time,https://www.skydio.com/jobs/8b96b4ed-04cf-4451-89bc-0db79a01d64d,602,True,compensation,False,,True,3,all-colon,8,2,0,20,1,0,0,4,False,0,False,About the Role: | How you'll make an impact: | What would make you a good fit:
Senior Technical Recruiter,"San Mateo, California, United States",Full-time,https://www.skydio.com/jobs/16b0647d-a470-4917-9bb9-a95967828edc,433,True,compensation,False,,True,2,all-colon,5,2,0,14,2,0,1,4,True,0,False,How you'll make an impact: | What makes you a good fit:
Senior Technical Recruiter - Hardware Operations,"San Mateo, California, United States",Full-time,https://www.skydio.com/jobs/737c02d2-f03f-4716-a0c8-e14a0307f8cb,440,True,compensation,False,,True,1,all-colon,5,2,0,13,4,0,1,4,True,0,False,What makes you a good fit:
Senior Technical Support Representative - Japan,"Tokyo, Japan",Full-time,https://www.skydio.com/jobs/f714e85f-31df-494e-bac4-1dd61d4d6066,606,False,li_slug,True,h1=3,False,0,n/a,4,2,0,20,2,0,0,4,False,0,False,text
"Senior Wireless Software Engineer, National Security","San Mateo, California, United States or Boston, Massachusetts, United States",Full-time,https://www.skydio.com/jobs/e49983b2-2323-48ea-bf1d-270f9f037457,723,True,compensation,True,h2=6,False,0,n/a,7,3,0,25,2,0,0,4,False,0,False,text
Senior Wireless Systems Performance Engineer,"San Mateo, California, United States",Full-time,https://www.skydio.com/jobs/f1ecf164-714c-4f1a-b672-d763f5724c03,385,True,compensation,False,,True,3,all-colon,5,2,0,16,0,0,0,4,False,0,False,About the role: | How you'll make an impact: | What makes you a good fit:
Senior/Staff Embedded Software Engineer – Camera Systems,"San Mateo, California, United States",Full-time,https://www.skydio.com/jobs/71033170-d9d0-474b-b712-a11e4f11c146,394,True,compensation,False,,True,4,all-colon,9,2,0,18,0,0,0,4,False,0,False,About the Role: | About the Team: | How You'll Make an Impact: | What Makes You a Good Fit:
"Software Engineer - Autonomy Infrastructure, Systems and Tools","Zurich, Switzerland",Full-time,https://www.skydio.com/jobs/49da6783-223e-4b2c-81f6-3b47de1c52e7,524,False,li_slug,True,h2=5,False,0,n/a,5,4,0,20,0,0,0,4,False,0,False,text
"Software Engineer - Autonomy Infrastructure, Systems and Tools","San Mateo, California, United States",Full-time,https://www.skydio.com/jobs/9e42a7af-6369-4036-ae6f-6626ee3a4fb3,521,True,compensation,True,h2=5,False,0,n/a,4,4,0,20,0,0,0,0,False,0,False,text
Software Engineer - Cloud Simulation & Full-Stack,"Zurich, Switzerland",Full-time,https://www.skydio.com/jobs/50dad059-b43b-4be1-84ab-2c350a68848f,555,False,li_slug,True,h2=5,False,0,n/a,6,4,0,26,0,0,0,4,False,0,False,text
Software Engineer - Cloud Simulation & Full-Stack,"San Mateo, California, United States",Full-time,https://www.skydio.com/jobs/7d7dfadc-c6fd-4958-8d59-004a91bff55e,552,True,compensation,True,h2=5,False,0,n/a,5,4,0,26,0,0,0,0,False,0,False,text
Software Engineer - Embedded,"San Mateo, California, United States",Full-time,https://www.skydio.com/jobs/ef9f7dd2-5a88-49b4-a507-d5fc9cad565a,353,True,compensation,False,,True,4,all-colon,6,3,0,17,0,0,0,4,True,0,False,About the role: | About the team: | How you'll make an impact: | What makes you a good fit:
Software Engineer - Infrastructure,"San Mateo, California, United States",Full-time,https://www.skydio.com/jobs/cb958101-ede8-4f50-bf30-b3272d33f25f,398,True,compensation,False,,True,3,all-colon,6,3,0,13,0,0,0,4,False,0,False,Bonus points: | How you'll make an impact: | What makes you a good fit:
Software Engineer - Simulation & Robotics Engineer,"Zurich, Switzerland",Full-time,https://www.skydio.com/jobs/3193c6ab-27d2-4558-8ad8-1d3a1512ab72,485,False,li_slug,True,h3=5,False,0,n/a,6,4,0,20,0,0,0,4,False,0,False,text
Software Engineer - Simulation & Robotics Engineer,"San Mateo, California, United States",Full-time,https://www.skydio.com/jobs/7a8f3e6c-d576-41af-a81e-bf4fe20da12a,482,True,compensation,True,h3=5,False,0,n/a,6,4,0,20,0,0,0,0,False,0,False,text
Software Engineer Intern Fall 2026/Winter 2027,"San Mateo, California, United States",Intern,https://www.skydio.com/jobs/f6320e9b-4eed-408d-8d37-d509fb0406ee,369,True,compensation,False,,True,1,all-colon,7,3,0,12,4,0,0,4,False,0,False,What makes you a good fit:
"Software Engineer, Full Stack","San Mateo, California, United States",Full-time,https://www.skydio.com/jobs/067e1f47-9fba-4abf-b986-874d4d569706,323,True,compensation,False,,True,4,all-colon,8,3,0,13,0,0,0,4,False,0,False,About the role: | Bonus Points: | How you'll make an impact: | What would make you a good fit:
Sr/Staff Embedded Software Engineer - Camera Systems,"Tampere, Finland",Full-time,https://www.skydio.com/jobs/898a9c77-cc20-4ed6-a050-f68e5c15d5c8,394,True,compensation,False,,True,4,all-colon,10,2,0,18,0,0,0,4,False,0,False,About the Role: | About the Team: | How You'll Make an Impact: | What Makes You a Good Fit:
"Staff Global Supply Manager,  Mechanicals","San Mateo, California, United States",Full-time,https://www.skydio.com/jobs/2ffe6453-4a2f-4dfb-94f8-882f731a11ae,546,True,compensation,False,,True,3,all-colon,7,2,0,17,1,0,0,0,False,0,False,About the role: | How you'll make an impact: | What makes you a good fit:
"Staff Product Manager, Platform & Infrastructure","San Mateo, California, United States",Full-time,https://www.skydio.com/jobs/dbd737b2-beed-4917-9948-dde4250929a8,786,True,compensation,False,,True,3,mixed,14,2,0,15,1,0,0,4,False,0,False,How you'll make an impact: | Location | What would make you a strong fit:
Staff Software Engineer - Embedded,"San Mateo, California, United States",Full-time,https://www.skydio.com/jobs/b3b2dea9-63bb-4adb-ba29-69bd8f7a18eb,353,True,compensation,False,,True,4,all-colon,6,3,0,17,0,0,0,4,True,0,False,About the role: | About the team: | How you'll make an impact: | What makes you a good fit:
"Staff Software Engineer, Frontend","San Mateo, California, United States",Full-time,https://www.skydio.com/jobs/54654035-a78a-4e5b-9ebf-ae4067e5a246,509,False,li_slug,False,,True,4,all-colon,10,3,0,15,0,0,0,4,False,0,False,About the role: | Bonus Points: | How you'll make an impact: | What makes you a good fit:
"Staff Software Engineer, Full Stack","San Mateo, California, United States",Full-time,https://www.skydio.com/jobs/379b23ea-14ff-4602-9b79-52d00bb96fda,613,True,compensation,False,,True,3,all-colon,9,3,0,16,0,0,0,0,False,0,False,Bonus points for: | How you'll make an impact: | What would make you a good fit:
Staff Technical Recruiter,"San Mateo, California, United States",Full-time,https://www.skydio.com/jobs/c3a4256a-4525-443c-81d0-6f69e7c24805,430,True,compensation,False,,True,3,all-colon,6,2,0,15,0,0,1,4,True,0,False,About the role: | How you'll make an impact: | What makes you a good fit:
Success Systems Specialist,US Remote,Full-time,https://www.skydio.com/jobs/8de95d05-a601-47e2-8a13-5ba4d7ad428a,729,True,compensation,False,,True,8,mixed,13,6,0,28,0,0,0,0,False,0,False,About the Role: | Build Automation & Intelligence into Mission Success | Cross-Functional Architecture & Governance | Customer Digital Experience | How You'll Make an Impact: | Scalability & Cost Avoidance | What makes you a good fit: | Why This Role Matters Now:
"Supplier Quality Engineer, Sustaining",Taiwan,Full-time,https://www.skydio.com/jobs/4c4874bf-02da-4ccc-8918-2cca08feaf21,455,False,li_slug,False,,True,3,all-colon,7,2,0,13,0,0,0,4,False,0,False,About the role: | How you'll make an impact: | What makes you a good fit:
Supply Chain Intern,"San Mateo, California, United States",Intern,https://www.skydio.com/jobs/2d21f482-3224-4906-a1bb-6a64436774cb,229,True,compensation,False,,True,2,all-colon,5,2,0,8,3,0,0,0,False,0,False,About the role: | What makes you a good fit:
Systems Integration and Test Engineer (Mid to Senior Level),"San Mateo, California, United States",Full-time,https://www.skydio.com/jobs/a1a60b27-53a8-455e-b467-712e01c532dc,668,False,li_slug,False,,True,3,all-colon,9,2,0,14,5,0,0,0,False,0,False,About the role: | How you will make an impact: | Useful skills and experience:
Wireless Software Engineer,"San Mateo, California, United States",Full-time,https://www.skydio.com/jobs/04fde92b-6a2b-4638-adc2-e8fa91cc1a49,400,True,compensation,False,,True,3,all-colon,5,2,0,12,0,0,0,4,False,0,False,About the role: | How you'll make an impact: | What makes you a good fit:
Workplace Experience Coordinator Part-Time,"Zurich, Switzerland",Part-time,https://www.skydio.com/jobs/d023afe5-f19f-42f7-a1dd-aa94a361b86f,376,False,eeo_diversity,False,,True,5,mixed,11,4,0,20,1,0,0,4,False,0,False,How you'll make an impact: | People Operations & HR Coordination | Qualifications | Work Environment | Workplace Experience & Office Operations
