title,loc,header_style,header_count,has_h_tag,mixes_header_styles,br,nbsp,empty_p,li_bold_leadin,pre_chars,title_trailing_ws,has_comp_block,headers,uuid
Autonomy Engineer - Deep Learning,"San Mateo, California, United States - Full-time",p_strong,3,False,False,0,1,0,0,2527,False,True,About the role: | How you'll make an impact: | What makes you a good fit:,cc83824e-a1cd-4bc7-9206-7264da9fbd61
Autonomy Engineer - Deep Learning,"Zurich, Switzerland - Full-time",p_strong,3,False,False,0,1,0,0,2554,False,True,About the role: | How you'll make an impact: | What makes you a good fit:,ae12de71-0010-49d3-b171-c0b257e3b6c1
Autonomy Engineer - Deep Learning Infrastructure,"Zurich, Switzerland - Full-time",p_strong,1,False,False,6,0,0,0,3093,False,True,What makes you a good fit:,c051266c-3e00-4906-abd0-21f18db56b3f
Autonomy Engineer - Deep Learning Infrastructure,"San Mateo, California, United States - Full-time",p_strong,1,False,False,8,1,0,0,3359,False,True,What makes you a good fit:,dcb04687-9b4f-425d-8c37-1111cf3ccf3d
Autonomy Engineer - Deep Learning Model Acceleration,"Zurich, Switzerland - Full-time",p_strong,1,False,False,6,0,0,0,3097,False,True,What makes you a good fit:,5892ea83-ad5a-480a-bd9f-2409bb0b644e
Autonomy Engineer - Deep Learning Model Acceleration,"San Mateo, California, United States - Full-time",p_strong,1,False,False,6,0,0,0,3093,False,True,What makes you a good fit:,cd6d8410-419b-4713-8d4d-7eb72b134d5a
Autonomy Engineer - Fixed Wing Planning & Controls,"San Mateo, California, United States - Full-time",p_strong,3,False,False,0,0,0,0,1729,False,True,About the Role: | How You'll Make an Impact: | What Makes You a Good Fit:,20754382-05e7-4cb6-a0f9-0daf9338ba78
Autonomy Engineer - ML & DL Infrastructure,"San Mateo, California, United States - Full-time",p_strong,3,False,False,0,0,2,0,3153,True,True,About the Role: | How You’ll Make an Impact: | What Makes You a Good Fit:,b6be08f7-89c0-48dd-b427-f587f23dbf34
Autonomy Engineer Intern - Computer Vision/Deep Learning Fall 2026,"San Mateo, California, United States - Intern",p_strong,3,False,False,1,1,0,0,2121,False,True,About the role: | How you'll make an impact: | What makes you a strong fit:,c84945f0-b8e0-4272-b636-265d6611a8eb
Autonomy Engineer Intern - Deep Learning (Computational Photography),"San Mateo, California, United States - Intern",p_strong,3,False,False,0,0,0,0,4056,False,False,About the role: | How you'll make an impact: | What makes you a good fit:,d13e3179-e646-4873-84a6-d492a692bc25
Autonomy Engineer Intern - Deep Learning (Computational Photography),"Zurich, Switzerland - Intern",p_strong,3,False,False,0,0,0,0,4056,False,False,About the role: | How you'll make an impact: | What makes you a good fit:,6280ab1d-147d-4f39-8618-a216c18ce0f9
Autonomy Engineer Intern Fall 2026,"San Mateo, California, United States - Intern",p_strong,3,False,False,0,1,0,0,1778,False,True,About the role: | How you'll make an impact: | What makes you a good fit:,17f6173b-c96f-4b02-a6b5-da0a91ad95e5
Autonomy Software Engineer,"San Mateo, California, United States - Full-time",p_strong,1,False,False,4,0,0,0,2695,False,True,What makes you a good fit:,a48fe41b-030b-4f11-bf25-df7446151854
Engineering Manager - Autonomy,"San Mateo, California, United States - Full-time",p_strong,3,False,False,0,0,0,0,2265,False,True,About the role: | How you'll make an impact: | What makes you a good fit:,849ae77c-5ca2-42b5-812b-8b3ad4524a89
PhD Autonomy Engineer Intern - Deep Learning or Computer Vision,"San Mateo, California, United States - Intern",p_strong,3,False,False,1,1,0,1,2171,False,True,About the role: | How you'll make an impact: | What makes you a strong fit:,8d3979a8-c791-4825-8cf4-9b25479b9519
PhD Autonomy Engineer Intern - Planning & Controls (Reinforcement Learning),"Zurich, Switzerland - Intern",h3,5,True,True,0,1,0,8,3206,False,True,About the role: | How you'll make an impact: | What makes this internship different: | What makes you a strong fit: | Nice-to-Haves:,f8225008-00b5-415e-9a48-c9b6eba9363c
Senior Autonomy Engineer - Controls,"San Mateo, California, United States - Full-time",p_strong,3,False,False,0,0,0,0,1598,True,True,About the Role: | How You’ll Make an Impact: | What Makes You a Good Fit:,58b4cdf6-5630-4dd0-aab3-a1ed4d599466
Senior Autonomy Engineer - Data Curation,"San Mateo, California, United States - Full-time",p_strong,5,False,False,0,0,3,0,3135,True,True,About the Role: | How You’ll Make an Impact: | What Makes You a Good Fit: | Nice To Haves: | Working Style:,562c2e8f-c366-4149-945e-0f42f4264b5f
Senior Autonomy Engineer - Deep Learning,"Zurich, Switzerland - Full-time",p_strong,2,False,False,2,1,0,0,2167,False,True,How you'll make an impact: | What makes you a good fit:,a6973c57-132a-4a0d-b130-02d2bdaecd2a
Senior Autonomy Engineer - Deep Learning,"San Mateo, California, United States - Full-time",p_strong,2,False,False,2,1,0,0,2166,False,True,How you'll make an impact: | What makes you a good fit:,a6421d3e-fdd0-48d6-8d8f-3fd605cdf09f
"Software Engineer - Autonomy Infrastructure, Systems and Tools","San Mateo, California, United States - Full-time",h2,5,True,False,0,0,1,4,3818,False,True,About the Role: | Areas of Responsibility: | What You’ll Do: | Qualifications: | Bonus Experience:,9e42a7af-6369-4036-ae6f-6626ee3a4fb3
"Software Engineer - Autonomy Infrastructure, Systems and Tools","Zurich, Switzerland - Full-time",h2,5,True,False,0,0,1,4,3818,False,True,About the Role: | Areas of Responsibility: | What You’ll Do: | Qualifications: | Bonus Experience:,9fc135c5-7a87-410d-8323-e0f918585ebc
Software Engineer - Cloud Simulation & Full-Stack,"San Mateo, California, United States - Full-time",h2,5,True,False,0,0,1,5,4129,False,True,About the Role: | Areas of Responsibility: | What You’ll Do: | Qualifications: | Bonus Experience:,7d7dfadc-c6fd-4958-8d59-004a91bff55e
Software Engineer - Cloud Simulation & Full-Stack,"Zurich, Switzerland - Full-time",h2,5,True,False,0,0,1,5,4129,False,True,About the Role: | Areas of Responsibility: | What You’ll Do: | Qualifications: | Bonus Experience:,948bddb5-4679-4c7c-bf57-960a0fd1a7ed
Software Engineer - Simulation & Robotics Engineer,"Zurich, Switzerland - Full-time",h3,5,True,False,0,0,1,6,3438,False,True,About the Role: | Areas of Responsibility: | What You’ll Do: | Qualifications: | Bonus Experience:,abd4addb-2d11-4207-b3a2-446a09121e39
Software Engineer - Simulation & Robotics Engineer,"San Mateo, California, United States - Full-time",h3,5,True,False,0,0,1,6,3438,False,True,About the Role: | Areas of Responsibility: | What You’ll Do: | Qualifications: | Bonus Experience:,7a8f3e6c-d576-41af-a81e-bf4fe20da12a
RF Design Engineer,"San Mateo, California, United States - Full-time",p_strong,3,False,False,0,0,0,0,2514,False,True,About the Role: | How You’ll Make an Impact: | What Makes You a Good Fit:,f72f1fa5-d3d6-459e-8722-a94ce92ad1c8
Senior Wireless Systems Performance Engineer,"San Mateo, California, United States - Full-time",p_strong,3,False,False,0,4,0,0,2545,False,True,About the role: | How you'll make an impact: | What makes you a good fit:,f1ecf164-714c-4f1a-b672-d763f5724c03
Wireless Hardware Engineer Intern,"San Mateo, California, United States - Intern",p_strong,2,False,False,2,0,0,0,2589,False,True,About the role: | What makes you a good fit:,5e1057a4-214f-4783-b676-c1315cfa81ea
Wireless Software Engineer,"San Mateo, California, United States - Full-time",p_strong,3,False,False,0,1,0,0,2641,False,True,About the role: | How you'll make an impact: | What makes you a good fit:,04fde92b-6a2b-4638-adc2-e8fa91cc1a49
Electrical Engineer (Sustaining/Validation),"San Mateo, California, United States - Full-time",p_strong,2,False,False,1,0,0,0,1903,False,True,About the role: | What makes you a good fit:,8e50c7da-2868-4383-af1f-920584d537fc
Electric Motor / Propulsion Engineer,"San Mateo, California, United States - Full-time",p_strong,2,False,False,1,0,0,0,1734,False,True,How you'll make an impact: | What makes you a good fit:,847c1abe-b3b6-4e97-bc0e-e3f46437287a
Electrical Engineer (all levels),"San Mateo, California, United States - Full-time",p_strong,2,False,False,2,0,0,0,1539,True,True,About the role: | What makes you a good fit:,f0c26a3c-d999-4dc2-8812-b3835f633ded
Hardware Technician,"San Mateo, California, United States - Full-time",p_strong,2,False,False,0,0,2,0,2616,False,True,How You’ll Make an Impact: | What Makes You a Good Fit:,6d5e666b-a0b7-45d4-a4de-45aef141ce10
Lead Staff Electrical Engineer (F10 Program),"San Mateo, California, United States - Full-time",p_strong,2,False,False,1,2,1,0,2165,False,True,How you'll make an impact: | What makes you a good fit:,1bbcf144-7057-4a6e-9d51-4924bfda52b9
PCB Layout Engineer,"San Mateo, California, United States - Full-time",p_strong,2,False,False,2,2,0,0,2373,False,True,About the role: | What makes you a good fit:,eb2f4124-9bd6-49f9-9636-03152c573f7d
Product Design Engineer (All Levels),"San Mateo, California, United States - Full-time",p_strong,2,False,False,1,1,0,0,2936,False,True,How you'll make an impact: | What makes you a good fit:,3f02ead1-8efe-4e3f-9c75-625e74ab57d1
Senior Hardware Test and Reliability Engineer,"San Mateo, California, United States - Full-time",p_strong,3,False,False,0,0,0,0,3741,False,True,About the role: | How you will make an impact: | Useful skills and experience:,c0e49670-51ca-461c-b0e2-4a06df01f692
Systems Integration and Test Engineer (Mid to Senior Level),"San Mateo, California, United States - Full-time",p_strong,3,False,False,0,0,0,0,3894,False,True,About the role: | How you will make an impact: | Useful skills and experience:,a1a60b27-53a8-455e-b467-712e01c532dc
"Director of Product Management, Drone as First Responder (DFR)","San Mateo, California, United States - Full-time",p_strong,2,False,False,4,5,0,0,4053,False,True,What makes you a good fit: | Bonus points for:,129a5bad-ca1d-4eda-843b-96f4581f3c43
"Senior Product Manager, Platform & Infrastructure","San Mateo, California, United States - Full-time",p_strong,3,False,False,1,0,5,9,5602,False,True,Location | How you'll make an impact: | What would make you a strong fit:,8d67884d-58f4-41a7-8740-ab65d3c03fa8
"Senior Staff Product Manager, Drone Hardware Platforms & Sensors","San Mateo, California, United States - Full-time",p_strong,3,False,False,2,9,0,0,3445,False,True,About the Role | How you'll make an impact: | What would make you a strong fit:,9cfecc93-4d5f-4ce4-ae40-cb3ff4783559
"Staff Product Manager, Cameras & Sensors","San Mateo, California, United States - Full-time",p_strong,3,False,False,0,0,0,0,3813,False,True,How you’ll make an impact | What makes you a good fit | Bonus points for:,21f27933-a8cb-421f-997f-9d865d372833
"Staff Product Manager, Platform & Infrastructure","San Mateo, California, United States - Full-time",p_strong,3,False,False,1,0,5,9,5713,False,True,Location | How you'll make an impact: | What would make you a strong fit:,dbd737b2-beed-4917-9948-dde4250929a8
Senior Software Engineer - Security,"San Mateo, California, United States - Full-time",p_strong,4,False,False,0,0,0,0,2876,False,True,About the Role: | How you’ll make an impact: | What makes you a good fit: | Nice to have:,bcd3d614-178c-4349-afd4-76476211b7fe
"Senior Software Engineer, Infrastructure","San Mateo, California, United States - Full-time",p_strong,3,False,False,0,0,0,0,2588,False,True,How you'll make an impact: | What makes you a good fit: | Bonus points:,0f71bdbb-a645-49f6-8890-dd5c052772c3
Software Engineer - Infrastructure,"San Mateo, California, United States - Full-time",p_strong,3,False,False,0,0,0,0,2576,False,True,How you'll make an impact: | What makes you a good fit: | Bonus points:,cb958101-ede8-4f50-bf30-b3272d33f25f
Senior Software Engineer - Embedded,"San Mateo, California, United States - Full-time",p_strong,4,False,False,0,3,0,0,2326,True,True,About the team: | About the role: | How you'll make an impact: | What makes you a good fit:,67a7d89f-9c4e-4f60-bdf1-a60b8addd8ae
Senior Software Engineer - Mobile Platform,"San Mateo, California, United States - Full-time",p_strong,5,False,False,0,0,3,0,3568,True,True,About the Role: | About the Team: | How You’ll Make an Impact: | What Makes You a Good Fit: | Nice To Haves:,e8cb16b0-d2f0-4cb4-a1a1-0f43d195cc9a
"Senior Software Engineer, Data Platform","San Mateo, California, United States - Full-time",p_strong,4,False,False,1,0,0,0,4714,True,True,About the role: | Examples of what you’ll help build: | What would make you a good fit: | Why Join Us?,aeaa130d-3e8b-42c5-a805-46f056e62fda
"Senior Software Engineer, Frontend","San Mateo, California, United States - Full-time",p_strong,4,False,False,0,0,0,0,2106,False,True,About the Role: | How You’ll Make an Impact: | What Makes You a Good Fit: | Bonus Points:,86cfc7bb-001c-4c1c-b680-160265535a96
"Senior Software Engineer, Full Stack","San Mateo, California, United States - Full-time",p_strong,4,False,False,0,0,0,0,3893,False,True,About the role: | How you’ll make an impact: | What would make you a good fit: | Bonus points for:,5655fbe3-66b0-4951-afdc-3b67f71e6938
Senior/Staff Embedded Software Engineer – Camera Systems,"San Mateo, California, United States - Full-time",p_strong,4,False,False,0,0,3,0,2806,False,True,About the Role: | About the Team: | How You’ll Make an Impact: | What Makes You a Good Fit:,71033170-d9d0-474b-b712-a11e4f11c146
Software Engineer - Embedded,"San Mateo, California, United States - Full-time",p_strong,4,False,False,0,3,0,0,2326,False,True,About the team: | About the role: | How you'll make an impact: | What makes you a good fit:,ef9f7dd2-5a88-49b4-a507-d5fc9cad565a
Software Engineer Intern Fall 2026/Winter 2027,US CA San Mateo - Intern,p_strong,1,False,False,4,0,1,0,2449,False,True,What makes you a good fit:,f6320e9b-4eed-408d-8d37-d509fb0406ee
"Software Engineer, Full Stack","San Mateo, California, United States - Full-time",p_strong,4,False,False,0,0,0,0,1855,False,True,About the role: | How you’ll make an impact: | What would make you a good fit: | Bonus Points:,f0020863-db72-480f-916d-375986f86031
Sr/Staff Embedded Software Engineer - Camera Systems,"Tampere, Finland - Full-time",p_strong,4,False,False,0,0,3,0,2806,False,True,About the Role: | About the Team: | How You’ll Make an Impact: | What Makes You a Good Fit:,898a9c77-cc20-4ed6-a050-f68e5c15d5c8
Staff Software Engineer - Embedded,"San Mateo, California, United States - Full-time",p_strong,4,False,False,0,3,0,0,2325,False,True,About the team: | About the role: | How you'll make an impact: | What makes you a good fit:,b3b2dea9-63bb-4adb-ba29-69bd8f7a18eb
"Staff Software Engineer, Frontend","San Mateo, California, United States - Full-time",p_strong,4,False,False,0,0,0,0,2090,False,True,About the role: | How you'll make an impact: | What makes you a good fit: | Bonus Points:,54654035-a78a-4e5b-9ebf-ae4067e5a246
"Staff Software Engineer, Full Stack","San Mateo, California, United States - Full-time",p_strong,3,False,False,0,0,0,0,4024,False,True,How you’ll make an impact: | What would make you a good fit: | Bonus points for:,379b23ea-14ff-4602-9b79-52d00bb96fda
Field Support Representative,US Remote - Full-time,p_strong,4,False,False,0,0,0,0,3676,True,True,About the team: | About the role: | How you’ll make an impact: | What makes you a good fit:,b053b0e2-005c-4e77-95f3-26c7354e6095
"Field Support Representative (Southwest, Remote)",US Remote - Full-time,p_strong,3,False,False,0,13,2,0,4939,False,True,About the role: | How you'll make an impact: | What makes you a good fit:,9b93e7c2-e5d5-48b2-a2d2-8df71e0d8357
Product Support Engineer,"San Mateo, California, United States - Full-time",NONE,0,False,False,2,0,1,0,4204,False,True,,a4f131a0-4dde-46ce-85a1-c83fc3e0f21e
Product Support Engineer Intern,"San Mateo, California, United States - Intern",NONE,0,False,False,2,0,2,0,3136,False,True,,8df0689e-a489-4c72-a1f7-09dfe59745b8
Senior Customer Support Representative - India,"Bangalore, India - Full-time",p_strong,3,False,False,0,0,0,0,4389,False,True,About the role: | How you’ll make an impact: | What would make you a good fit:,bb7a9c5c-8dbb-4a2f-9d7d-db9ab1f707b0
Senior Technical Support Representative - Japan,"Tokyo, Japan - Full-time",NONE,0,False,False,2,0,1,0,5117,False,False,,f714e85f-31df-494e-bac4-1dd61d4d6066
Technical Support Specialist - West Coast,US Remote - Full-time,p_strong,1,False,False,0,5,0,0,4157,False,True,About the team:,3ac81a34-b7fe-4142-9d29-12bcc1376182
IT Technician (Help Desk - Linux Focus),"Hayward, California, United States - Full-time",p_strong,5,False,False,8,0,2,0,3618,False,True,About the Role | Location | What You’ll Do | What Makes You a Good Fit | Nice to Have,28c865cf-6aa4-45d1-ae13-34bb8f6b776b
"Project Manager, Workplace","San Mateo, California, United States - Full-time",h3,8,True,True,0,0,0,10,3532,False,True,"About the Role | You will be part of: | Bring Skydio’s HQ and vision to life | Translate technical needs into physical environments | Program manage complex, multi-disciplinary build-outs | Create a customer-obsessed environment | Deliver with rigor and attention to detail | How You’ll Operate",ca17c12d-18df-48dc-83a3-e0d8e06aa451
Head of Warehouse & Logistics Operations,US CA Production - Full-time,p_strong,2,False,False,1,0,1,0,3208,False,True,About the role: | What makes you a good fit:,0c1e9360-09dc-4c73-85bc-51aa72afd3ad
Manufacturing Quality Supervisor,"Hayward, California, United States - Full-time",p_strong,3,False,False,0,0,0,0,2811,False,True,About the role: | How you’ll make an impact: | What makes you a good fit:,e0c94b6c-e08e-499b-aa62-b010993a9200
"Production Manager, PM Shift","Hayward, California, United States - Full-time",p_strong,3,False,False,0,0,2,0,2168,False,True,About the Role: | How You’ll Make an Impact: | What Makes You a Good Fit:,7836de07-b630-438b-8db5-37a9ee618009
Production Supervisor,"Hayward, California, United States - Full-time",p_strong,2,False,False,2,0,0,0,2011,False,True,About the role: | What makes you a good fit:,90771bb1-f860-4b49-90ef-3a15bcd1fada
Senior Buyer,"Hayward, California, United States - Full-time",h2,3,True,True,0,0,2,0,3441,False,True,About the role: | How you will make an impact: | What makes you a strong fit:,5d32766d-990a-4c4c-a8c6-5e934dd8bd38
Senior NPI Product Quality Engineer,"San Mateo, California, United States - Full-time",p_strong,3,False,False,0,0,0,0,2717,False,True,About the role: | How you'll make an impact: | What makes you a good fit:,178a7e84-562e-40db-9abd-94bbf29159ca
Communications Manager,US Remote - Full-time,h2,3,True,False,0,0,2,0,3085,False,True,About the role | How you'll make an impact | What makes you a good fit,50567d8d-2903-494f-8e08-7c8ca734dc3a
"Director, Growth Marketing - Commercial","San Mateo, California, United States - Full-time",p_strong,5,False,False,8,0,2,0,4403,False,True,About the role: | Key Responsibilities: | What Success Looks Like: | What Would Make You a Good Fit: | Additional Desired Experience and Skills,00d0bdc5-89ad-4182-8512-ab0a028953f6
Field Marketing Event Manager,"San Mateo, California, United States - Full-time",h3,10,True,True,0,0,0,0,3788,False,True,About the Role: | How You’ll Make an Impact: | Customer Summit Planning & Execution | Field Marketing & Trade Show Support | Relationship Building & Internal Collaboration | What Makes You a Good Fit: | Required Experience | Preferred Skills & Experience | Interpersonal & Professional Skills | Physical & Travel Requirements,6451be14-d388-4ad1-a4ce-97c36d130c71
"Program Leader, Law Enforcement & Public Safety Training","San Mateo, California, United States - Full-time",p_strong,3,False,False,0,0,0,0,3718,False,True,About the Role: | How You’ll Make an Impact: | What Makes You a Good Fit:,cedc0320-0238-4fc0-89b9-8d580ada556d
Senior Brand Designer (Contract),"San Mateo, California, United States - Full-time",p_strong,3,False,False,2,0,2,0,3580,False,True,About the Role: | What you'll do: | What makes you a good fit:,5ae7e25f-7da3-4523-a8be-8866aa89e8df
Senior People Analytics Analyst,"San Mateo, California, United States - Full-time",p_strong,4,False,False,0,0,0,6,3284,False,True,About The Role | How You’ll Make an Impact: | What Makes Your a Good Fit: | Preferred Qualifications,0703aaa0-9fcb-4b22-ad8c-b53e74151a72
Senior Technical Recruiter,"San Mateo, California, United States - Full-time",p_strong,2,False,False,1,1,0,0,2939,False,True,How you'll make an impact: | What makes you a good fit:,16b0647d-a470-4917-9bb9-a95967828edc
Senior Technical Recruiter - Hardware Operations,"San Mateo, California, United States - Full-time",p_strong,1,False,False,3,1,0,0,3015,False,True,What makes you a good fit:,737c02d2-f03f-4716-a0c8-e14a0307f8cb
Staff Technical Recruiter,"San Mateo, California, United States - Full-time",p_strong,3,False,False,0,1,0,0,2884,False,True,About the role: | How you’ll make an impact: | What makes you a good fit:,c3a4256a-4525-443c-81d0-6f69e7c24805
Workplace Experience Coordinator Part-Time,"Zurich, Switzerland - Part-time",p_strong,5,False,False,1,0,1,0,3547,False,False,How you’ll make an impact: | Workplace Experience & Office Operations | People Operations & HR Coordination | Qualifications | Work Environment,d023afe5-f19f-42f7-a1dd-aa94a361b86f
Aviation Compliance Lead,"San Mateo, California, United States - Full-time",h2,3,True,False,1,0,1,0,2958,False,True,About the Role | How You’ll Make an Impact | What Makes You a Good Fit,b9f9047b-1555-4978-9bff-70eae58a6b17
Aviation Regulatory Program Manager,US Remote - Full-time,h2,3,True,False,0,0,1,0,3496,False,True,About the Role | How You’ll Make an Impact | What Makes You a Good Fit,d73ae64d-5877-4ab6-ad42-0224702f3fba
"Customer Success Manager, DFR Majors - Northeast",US Remote - Full-time,p_strong,4,False,False,0,6,0,0,3309,False,True,About the Team: | About the role: | How you’ll make an impact: | What makes you a good fit:,23721f25-7d5f-45fa-a5fe-d58f9680e1ef
Deployment Coordinator,US Remote - Full-time,h2,4,True,False,0,0,3,0,2996,False,True,About the Role | How You’ll Make an Impact | What Makes You a Good Fit | Why This Role is Unique,3d4cd6a4-ce4c-4df6-9002-93019d93784e
Deployment Engineer - Southeast,US Remote - Full-time,p_strong,5,False,False,0,0,4,0,4127,False,True,About the Team: | About the role: | How you’ll make an impact: | What makes you a good fit: | Nice to have:,6138ba1c-c048-407d-9ea2-7b51a3d38756
Mission Success Operations Manager,US Remote - Full-time,p_strong,4,False,False,0,0,0,0,2888,False,True,About the Team: | About the role: | How you’ll make an impact: | What makes you a good fit,501a3067-e906-4354-b211-ac70db6accf4
"Program Manager, Major Deployments (Hawaii)","San Mateo, California, United States - Full-time",p_strong,3,False,False,0,0,2,0,4158,False,True,About the role: | How you'll make an impact: | What Makes You A Good Fit:,b194dcda-7ff0-4d44-9785-16895a44727f
"Program Manager, Major Deployments (Mid Atlantic)",US Remote - Full-time,p_strong,3,False,False,0,0,2,0,4217,False,True,About the role: | How you'll make an impact: | What Makes You A Good Fit:,c2651b2d-14c5-4bf7-9a35-90b3c939af10
"Program Manager, Major Deployments (South East)",US Remote - Full-time,p_strong,3,False,False,0,0,2,0,4181,False,True,About the role: | How you'll make an impact: | What Makes You A Good Fit:,28bb232f-54c4-486b-9bdb-c7855d04661d
Success Systems Specialist,US Remote - Full-time,p_strong,8,False,False,0,0,0,0,5439,True,True,About the Role: | Why This Role Matters Now: | How You’ll Make an Impact: | Build Automation & Intelligence into Mission Success | Customer Digital Experience | Cross-Functional Architecture & Governance | Scalability & Cost Avoidance | What makes you a good fit:,8de95d05-a601-47e2-8a13-5ba4d7ad428a
Enterprise Account Manager (MoD/ MoI) – EMEA (Finland),"Tampere, Finland - Full-time",p_strong,4,False,False,2,0,0,0,4657,False,True,"About the Role: | This role must be based in Switzerland, Germany, or Finland. | How You’ll Make an Impact: | What Makes You a Good Fit:",d6f731e8-c530-4123-8b52-0e7cab164887
Enterprise Account Manager (MoD/ MoI) – EMEA (Germany),Germany - Full-time,p_strong,4,False,False,2,0,0,0,4657,False,True,"About the Role: | This role must be based in Switzerland, Germany, or Finland. | How You’ll Make an Impact: | What Makes You a Good Fit:",12e9a494-9a89-457c-9dc7-2ef9ccdba17c
Enterprise Account Manager (MoD/ MoI) – EMEA (Switzerland),"Zurich, Switzerland - Full-time",p_strong,4,False,False,2,0,0,0,4657,False,True,"About the Role: | This role must be based in Switzerland, Germany, or Finland. | How You’ll Make an Impact: | What Makes You a Good Fit:",1d4977a2-c2e7-44ad-820b-253ff8355800
"Enterprise Account Manager, US Navy, US Marine Corps, and IC/SOCOM",US Remote - Full-time,p_strong,3,False,False,0,0,0,0,3866,False,True,About the Role: | How You’ll Make an Impact: | What Makes You a Good Fit:,e69362bc-5891-486e-be75-6bf25187ccf5
"Enterprise Account Manager, US Army",US Remote - Full-time,p_strong,3,False,False,0,0,0,0,3401,False,True,About the Role: | How You’ll Make an Impact: | What Makes You a Good Fit:,19559b4c-ed09-41eb-b1aa-f000a855b8fe
GTM Data Engineer Intern,"San Mateo, California, United States - Intern",p_strong,4,False,False,3,0,1,11,3190,False,True,How you'll make an impact: | What makes you a good fit: | Bonus points: | What you’ll gain:,b90b9b3b-e326-4fb6-85bd-fe52bec5f180
GTM Enablement Associate,"San Mateo, California, United States - Full-time",p_strong,3,False,False,2,1,1,0,2730,False,True,"Location: San Mateo, CA - Hybrid 3 days/officeHow you'll make an impact: | What makes you a good fit: | Preferred Qualifications:",2b3fea3b-e1b5-4497-9607-e9864019b0e7
"Revenue Operations Engineer, Quoting Systems","San Mateo, California, United States - Full-time",h2,6,True,True,4,0,1,16,3732,False,True,About the Role: | What you’ll drive (scope): | Day-to-day responsibilities: | Tech stack you’ll work with: | What you’ll bring: | Reporting & Working Model:,02d54431-2747-417d-8234-e72c316fed87
Sales Planning Analyst Intern,"San Mateo, California, United States - Intern",p_strong,2,False,False,1,0,0,0,2890,False,True,How You’ll Make an Impact: | What Would Make You a Good Fit:,712900e5-ff75-4e07-8f88-626d4f8ab653
Senior Revenue Operations Manager,"San Mateo, California, United States - Full-time",p_strong,4,False,False,0,0,2,0,3216,False,True,About the Role: | Location: SF/Bay area - hybrid 3 days in officeHow You’ll Make an Impact: | What Makes You a Good Fit: | Preferred Qualifications:,05e9f029-3a9d-4956-a4c8-e0bc786dd86a
"Director, Global Supply Management - Mechanicals","San Mateo, California, United States - Full-time",p_strong,3,False,False,0,0,2,0,4389,False,True,About the role: | What you will do: | Desired Qualifications:,eb7fbbdb-3346-4f7f-a202-8bfd3441217a
Hardware Operations Program Manager,"Hayward, California, United States - Full-time",p_strong,3,False,False,0,0,2,6,2893,False,True,About the role: | How you'll make an impact: | What makes you a good fit:,55b393cf-124c-46f8-bd83-8c62e3ce628b
Senior Business Operations Manager,"San Mateo, California, United States - Full-time",h3,6,True,True,0,0,2,0,3703,False,True,About the Role: | How you'll make an impact: | Strategic Sourcing: | Cost Management | Strategy & Operations | What makes you a good fit:,17b9ecf9-7a47-4811-b035-e1b9a54966aa
Senior Supplier Quality Engineer,"San Mateo, California, United States - Full-time",p_strong,2,False,False,2,0,0,0,3074,False,True,About the role: | What makes you a good fit:,b0fb285d-0619-42ee-ad24-d549479deb84
"Staff Global Supply Manager, Mechanicals","San Mateo, California, United States - Full-time",p_strong,2,False,False,1,0,0,0,4117,False,True,About the role: | What makes you a good fit:,2ffe6453-4a2f-4dfb-94f8-882f731a11ae
"Supplier Quality Engineer, Sustaining",Taiwan - Full-time,p_strong,3,False,False,0,0,1,0,4042,False,False,About the role: | How you'll make an impact: | What makes you a good fit:,4c4874bf-02da-4ccc-8918-2cca08feaf21
Supply Chain Intern,"San Mateo, California, United States - Intern",p_strong,2,False,False,2,0,0,0,1643,False,True,About the role: | What makes you a good fit:,2d21f482-3224-4906-a1bb-6a64436774cb
