00d0bdc5-89ad-4182-8512-ab0a028953f6	/jobs/00d0bdc5-89ad-4182-8512-ab0a028953f6/?gh_jid=00d0bdc5-89ad-4182-8512-ab0a028953f6
02d54431-2747-417d-8234-e72c316fed87	/jobs/02d54431-2747-417d-8234-e72c316fed87/?gh_jid=02d54431-2747-417d-8234-e72c316fed87
04fde92b-6a2b-4638-adc2-e8fa91cc1a49	/jobs/04fde92b-6a2b-4638-adc2-e8fa91cc1a49/?gh_jid=04fde92b-6a2b-4638-adc2-e8fa91cc1a49
05e9f029-3a9d-4956-a4c8-e0bc786dd86a	/jobs/05e9f029-3a9d-4956-a4c8-e0bc786dd86a/?gh_jid=05e9f029-3a9d-4956-a4c8-e0bc786dd86a
0703aaa0-9fcb-4b22-ad8c-b53e74151a72	/jobs/0703aaa0-9fcb-4b22-ad8c-b53e74151a72/?gh_jid=0703aaa0-9fcb-4b22-ad8c-b53e74151a72
0c1e9360-09dc-4c73-85bc-51aa72afd3ad	/jobs/0c1e9360-09dc-4c73-85bc-51aa72afd3ad/?gh_jid=0c1e9360-09dc-4c73-85bc-51aa72afd3ad
0f71bdbb-a645-49f6-8890-dd5c052772c3	/jobs/0f71bdbb-a645-49f6-8890-dd5c052772c3/?gh_jid=0f71bdbb-a645-49f6-8890-dd5c052772c3
129a5bad-ca1d-4eda-843b-96f4581f3c43	/jobs/129a5bad-ca1d-4eda-843b-96f4581f3c43/?gh_jid=129a5bad-ca1d-4eda-843b-96f4581f3c43
12e9a494-9a89-457c-9dc7-2ef9ccdba17c	/jobs/12e9a494-9a89-457c-9dc7-2ef9ccdba17c/?gh_jid=12e9a494-9a89-457c-9dc7-2ef9ccdba17c
16b0647d-a470-4917-9bb9-a95967828edc	/jobs/16b0647d-a470-4917-9bb9-a95967828edc/?gh_jid=16b0647d-a470-4917-9bb9-a95967828edc
178a7e84-562e-40db-9abd-94bbf29159ca	/jobs/178a7e84-562e-40db-9abd-94bbf29159ca/?gh_jid=178a7e84-562e-40db-9abd-94bbf29159ca
17b9ecf9-7a47-4811-b035-e1b9a54966aa	/jobs/17b9ecf9-7a47-4811-b035-e1b9a54966aa/?gh_jid=17b9ecf9-7a47-4811-b035-e1b9a54966aa
17f6173b-c96f-4b02-a6b5-da0a91ad95e5	/jobs/17f6173b-c96f-4b02-a6b5-da0a91ad95e5/?gh_jid=17f6173b-c96f-4b02-a6b5-da0a91ad95e5
19559b4c-ed09-41eb-b1aa-f000a855b8fe	/jobs/19559b4c-ed09-41eb-b1aa-f000a855b8fe/?gh_jid=19559b4c-ed09-41eb-b1aa-f000a855b8fe
1bbcf144-7057-4a6e-9d51-4924bfda52b9	/jobs/1bbcf144-7057-4a6e-9d51-4924bfda52b9/?gh_jid=1bbcf144-7057-4a6e-9d51-4924bfda52b9
1d4977a2-c2e7-44ad-820b-253ff8355800	/jobs/1d4977a2-c2e7-44ad-820b-253ff8355800/?gh_jid=1d4977a2-c2e7-44ad-820b-253ff8355800
20754382-05e7-4cb6-a0f9-0daf9338ba78	/jobs/20754382-05e7-4cb6-a0f9-0daf9338ba78/?gh_jid=20754382-05e7-4cb6-a0f9-0daf9338ba78
21f27933-a8cb-421f-997f-9d865d372833	/jobs/21f27933-a8cb-421f-997f-9d865d372833/?gh_jid=21f27933-a8cb-421f-997f-9d865d372833
23721f25-7d5f-45fa-a5fe-d58f9680e1ef	/jobs/23721f25-7d5f-45fa-a5fe-d58f9680e1ef/?gh_jid=23721f25-7d5f-45fa-a5fe-d58f9680e1ef
28bb232f-54c4-486b-9bdb-c7855d04661d	/jobs/28bb232f-54c4-486b-9bdb-c7855d04661d/?gh_jid=28bb232f-54c4-486b-9bdb-c7855d04661d
28c865cf-6aa4-45d1-ae13-34bb8f6b776b	/jobs/28c865cf-6aa4-45d1-ae13-34bb8f6b776b/?gh_jid=28c865cf-6aa4-45d1-ae13-34bb8f6b776b
2b312ffb-26c3-4b7f-8904-acbc4e51934b	/jobs/2b312ffb-26c3-4b7f-8904-acbc4e51934b/?gh_jid=2b312ffb-26c3-4b7f-8904-acbc4e51934b
2b3fea3b-e1b5-4497-9607-e9864019b0e7	/jobs/2b3fea3b-e1b5-4497-9607-e9864019b0e7/?gh_jid=2b3fea3b-e1b5-4497-9607-e9864019b0e7
2d21f482-3224-4906-a1bb-6a64436774cb	/jobs/2d21f482-3224-4906-a1bb-6a64436774cb/?gh_jid=2d21f482-3224-4906-a1bb-6a64436774cb
2ffe6453-4a2f-4dfb-94f8-882f731a11ae	/jobs/2ffe6453-4a2f-4dfb-94f8-882f731a11ae/?gh_jid=2ffe6453-4a2f-4dfb-94f8-882f731a11ae
379b23ea-14ff-4602-9b79-52d00bb96fda	/jobs/379b23ea-14ff-4602-9b79-52d00bb96fda/?gh_jid=379b23ea-14ff-4602-9b79-52d00bb96fda
3ac81a34-b7fe-4142-9d29-12bcc1376182	/jobs/3ac81a34-b7fe-4142-9d29-12bcc1376182/?gh_jid=3ac81a34-b7fe-4142-9d29-12bcc1376182
3d4cd6a4-ce4c-4df6-9002-93019d93784e	/jobs/3d4cd6a4-ce4c-4df6-9002-93019d93784e/?gh_jid=3d4cd6a4-ce4c-4df6-9002-93019d93784e
3f02ead1-8efe-4e3f-9c75-625e74ab57d1	/jobs/3f02ead1-8efe-4e3f-9c75-625e74ab57d1/?gh_jid=3f02ead1-8efe-4e3f-9c75-625e74ab57d1
4c4874bf-02da-4ccc-8918-2cca08feaf21	/jobs/4c4874bf-02da-4ccc-8918-2cca08feaf21/?gh_jid=4c4874bf-02da-4ccc-8918-2cca08feaf21
501a3067-e906-4354-b211-ac70db6accf4	/jobs/501a3067-e906-4354-b211-ac70db6accf4/?gh_jid=501a3067-e906-4354-b211-ac70db6accf4
50567d8d-2903-494f-8e08-7c8ca734dc3a	/jobs/50567d8d-2903-494f-8e08-7c8ca734dc3a/?gh_jid=50567d8d-2903-494f-8e08-7c8ca734dc3a
54654035-a78a-4e5b-9ebf-ae4067e5a246	/jobs/54654035-a78a-4e5b-9ebf-ae4067e5a246/?gh_jid=54654035-a78a-4e5b-9ebf-ae4067e5a246
55b393cf-124c-46f8-bd83-8c62e3ce628b	/jobs/55b393cf-124c-46f8-bd83-8c62e3ce628b/?gh_jid=55b393cf-124c-46f8-bd83-8c62e3ce628b
562c2e8f-c366-4149-945e-0f42f4264b5f	/jobs/562c2e8f-c366-4149-945e-0f42f4264b5f/?gh_jid=562c2e8f-c366-4149-945e-0f42f4264b5f
5655fbe3-66b0-4951-afdc-3b67f71e6938	/jobs/5655fbe3-66b0-4951-afdc-3b67f71e6938/?gh_jid=5655fbe3-66b0-4951-afdc-3b67f71e6938
5892ea83-ad5a-480a-bd9f-2409bb0b644e	/jobs/5892ea83-ad5a-480a-bd9f-2409bb0b644e/?gh_jid=5892ea83-ad5a-480a-bd9f-2409bb0b644e
58b4cdf6-5630-4dd0-aab3-a1ed4d599466	/jobs/58b4cdf6-5630-4dd0-aab3-a1ed4d599466/?gh_jid=58b4cdf6-5630-4dd0-aab3-a1ed4d599466
5ae7e25f-7da3-4523-a8be-8866aa89e8df	/jobs/5ae7e25f-7da3-4523-a8be-8866aa89e8df/?gh_jid=5ae7e25f-7da3-4523-a8be-8866aa89e8df
5d32766d-990a-4c4c-a8c6-5e934dd8bd38	/jobs/5d32766d-990a-4c4c-a8c6-5e934dd8bd38/?gh_jid=5d32766d-990a-4c4c-a8c6-5e934dd8bd38
5e1057a4-214f-4783-b676-c1315cfa81ea	/jobs/5e1057a4-214f-4783-b676-c1315cfa81ea/?gh_jid=5e1057a4-214f-4783-b676-c1315cfa81ea
6138ba1c-c048-407d-9ea2-7b51a3d38756	/jobs/6138ba1c-c048-407d-9ea2-7b51a3d38756/?gh_jid=6138ba1c-c048-407d-9ea2-7b51a3d38756
6280ab1d-147d-4f39-8618-a216c18ce0f9	/jobs/6280ab1d-147d-4f39-8618-a216c18ce0f9/?gh_jid=6280ab1d-147d-4f39-8618-a216c18ce0f9
6451be14-d388-4ad1-a4ce-97c36d130c71	/jobs/6451be14-d388-4ad1-a4ce-97c36d130c71/?gh_jid=6451be14-d388-4ad1-a4ce-97c36d130c71
67a7d89f-9c4e-4f60-bdf1-a60b8addd8ae	/jobs/67a7d89f-9c4e-4f60-bdf1-a60b8addd8ae/?gh_jid=67a7d89f-9c4e-4f60-bdf1-a60b8addd8ae
6d5e666b-a0b7-45d4-a4de-45aef141ce10	/jobs/6d5e666b-a0b7-45d4-a4de-45aef141ce10/?gh_jid=6d5e666b-a0b7-45d4-a4de-45aef141ce10
71033170-d9d0-474b-b712-a11e4f11c146	/jobs/71033170-d9d0-474b-b712-a11e4f11c146/?gh_jid=71033170-d9d0-474b-b712-a11e4f11c146
712900e5-ff75-4e07-8f88-626d4f8ab653	/jobs/712900e5-ff75-4e07-8f88-626d4f8ab653/?gh_jid=712900e5-ff75-4e07-8f88-626d4f8ab653
737c02d2-f03f-4716-a0c8-e14a0307f8cb	/jobs/737c02d2-f03f-4716-a0c8-e14a0307f8cb/?gh_jid=737c02d2-f03f-4716-a0c8-e14a0307f8cb
7836de07-b630-438b-8db5-37a9ee618009	/jobs/7836de07-b630-438b-8db5-37a9ee618009/?gh_jid=7836de07-b630-438b-8db5-37a9ee618009
7a8f3e6c-d576-41af-a81e-bf4fe20da12a	/jobs/7a8f3e6c-d576-41af-a81e-bf4fe20da12a/?gh_jid=7a8f3e6c-d576-41af-a81e-bf4fe20da12a
7d7dfadc-c6fd-4958-8d59-004a91bff55e	/jobs/7d7dfadc-c6fd-4958-8d59-004a91bff55e/?gh_jid=7d7dfadc-c6fd-4958-8d59-004a91bff55e
847c1abe-b3b6-4e97-bc0e-e3f46437287a	/jobs/847c1abe-b3b6-4e97-bc0e-e3f46437287a/?gh_jid=847c1abe-b3b6-4e97-bc0e-e3f46437287a
849ae77c-5ca2-42b5-812b-8b3ad4524a89	/jobs/849ae77c-5ca2-42b5-812b-8b3ad4524a89/?gh_jid=849ae77c-5ca2-42b5-812b-8b3ad4524a89
86cfc7bb-001c-4c1c-b680-160265535a96	/jobs/86cfc7bb-001c-4c1c-b680-160265535a96/?gh_jid=86cfc7bb-001c-4c1c-b680-160265535a96
898a9c77-cc20-4ed6-a050-f68e5c15d5c8	/jobs/898a9c77-cc20-4ed6-a050-f68e5c15d5c8/?gh_jid=898a9c77-cc20-4ed6-a050-f68e5c15d5c8
8d3979a8-c791-4825-8cf4-9b25479b9519	/jobs/8d3979a8-c791-4825-8cf4-9b25479b9519/?gh_jid=8d3979a8-c791-4825-8cf4-9b25479b9519
8d67884d-58f4-41a7-8740-ab65d3c03fa8	/jobs/8d67884d-58f4-41a7-8740-ab65d3c03fa8/?gh_jid=8d67884d-58f4-41a7-8740-ab65d3c03fa8
8de95d05-a601-47e2-8a13-5ba4d7ad428a	/jobs/8de95d05-a601-47e2-8a13-5ba4d7ad428a/?gh_jid=8de95d05-a601-47e2-8a13-5ba4d7ad428a
8df0689e-a489-4c72-a1f7-09dfe59745b8	/jobs/8df0689e-a489-4c72-a1f7-09dfe59745b8/?gh_jid=8df0689e-a489-4c72-a1f7-09dfe59745b8
8e50c7da-2868-4383-af1f-920584d537fc	/jobs/8e50c7da-2868-4383-af1f-920584d537fc/?gh_jid=8e50c7da-2868-4383-af1f-920584d537fc
90771bb1-f860-4b49-90ef-3a15bcd1fada	/jobs/90771bb1-f860-4b49-90ef-3a15bcd1fada/?gh_jid=90771bb1-f860-4b49-90ef-3a15bcd1fada
948bddb5-4679-4c7c-bf57-960a0fd1a7ed	/jobs/948bddb5-4679-4c7c-bf57-960a0fd1a7ed/?gh_jid=948bddb5-4679-4c7c-bf57-960a0fd1a7ed
9b93e7c2-e5d5-48b2-a2d2-8df71e0d8357	/jobs/9b93e7c2-e5d5-48b2-a2d2-8df71e0d8357/?gh_jid=9b93e7c2-e5d5-48b2-a2d2-8df71e0d8357
9cfecc93-4d5f-4ce4-ae40-cb3ff4783559	/jobs/9cfecc93-4d5f-4ce4-ae40-cb3ff4783559/?gh_jid=9cfecc93-4d5f-4ce4-ae40-cb3ff4783559
9e42a7af-6369-4036-ae6f-6626ee3a4fb3	/jobs/9e42a7af-6369-4036-ae6f-6626ee3a4fb3/?gh_jid=9e42a7af-6369-4036-ae6f-6626ee3a4fb3
9fc135c5-7a87-410d-8323-e0f918585ebc	/jobs/9fc135c5-7a87-410d-8323-e0f918585ebc/?gh_jid=9fc135c5-7a87-410d-8323-e0f918585ebc
a1a60b27-53a8-455e-b467-712e01c532dc	/jobs/a1a60b27-53a8-455e-b467-712e01c532dc/?gh_jid=a1a60b27-53a8-455e-b467-712e01c532dc
a48fe41b-030b-4f11-bf25-df7446151854	/jobs/a48fe41b-030b-4f11-bf25-df7446151854/?gh_jid=a48fe41b-030b-4f11-bf25-df7446151854
a4f131a0-4dde-46ce-85a1-c83fc3e0f21e	/jobs/a4f131a0-4dde-46ce-85a1-c83fc3e0f21e/?gh_jid=a4f131a0-4dde-46ce-85a1-c83fc3e0f21e
a6421d3e-fdd0-48d6-8d8f-3fd605cdf09f	/jobs/a6421d3e-fdd0-48d6-8d8f-3fd605cdf09f/?gh_jid=a6421d3e-fdd0-48d6-8d8f-3fd605cdf09f
a6973c57-132a-4a0d-b130-02d2bdaecd2a	/jobs/a6973c57-132a-4a0d-b130-02d2bdaecd2a/?gh_jid=a6973c57-132a-4a0d-b130-02d2bdaecd2a
abd4addb-2d11-4207-b3a2-446a09121e39	/jobs/abd4addb-2d11-4207-b3a2-446a09121e39/?gh_jid=abd4addb-2d11-4207-b3a2-446a09121e39
ae12de71-0010-49d3-b171-c0b257e3b6c1	/jobs/ae12de71-0010-49d3-b171-c0b257e3b6c1/?gh_jid=ae12de71-0010-49d3-b171-c0b257e3b6c1
aeaa130d-3e8b-42c5-a805-46f056e62fda	/jobs/aeaa130d-3e8b-42c5-a805-46f056e62fda/?gh_jid=aeaa130d-3e8b-42c5-a805-46f056e62fda
b053b0e2-005c-4e77-95f3-26c7354e6095	/jobs/b053b0e2-005c-4e77-95f3-26c7354e6095/?gh_jid=b053b0e2-005c-4e77-95f3-26c7354e6095
b0fb285d-0619-42ee-ad24-d549479deb84	/jobs/b0fb285d-0619-42ee-ad24-d549479deb84/?gh_jid=b0fb285d-0619-42ee-ad24-d549479deb84
b194dcda-7ff0-4d44-9785-16895a44727f	/jobs/b194dcda-7ff0-4d44-9785-16895a44727f/?gh_jid=b194dcda-7ff0-4d44-9785-16895a44727f
b3b2dea9-63bb-4adb-ba29-69bd8f7a18eb	/jobs/b3b2dea9-63bb-4adb-ba29-69bd8f7a18eb/?gh_jid=b3b2dea9-63bb-4adb-ba29-69bd8f7a18eb
b6be08f7-89c0-48dd-b427-f587f23dbf34	/jobs/b6be08f7-89c0-48dd-b427-f587f23dbf34/?gh_jid=b6be08f7-89c0-48dd-b427-f587f23dbf34
b90b9b3b-e326-4fb6-85bd-fe52bec5f180	/jobs/b90b9b3b-e326-4fb6-85bd-fe52bec5f180/?gh_jid=b90b9b3b-e326-4fb6-85bd-fe52bec5f180
b9f9047b-1555-4978-9bff-70eae58a6b17	/jobs/b9f9047b-1555-4978-9bff-70eae58a6b17/?gh_jid=b9f9047b-1555-4978-9bff-70eae58a6b17
bb7a9c5c-8dbb-4a2f-9d7d-db9ab1f707b0	/jobs/bb7a9c5c-8dbb-4a2f-9d7d-db9ab1f707b0/?gh_jid=bb7a9c5c-8dbb-4a2f-9d7d-db9ab1f707b0
bcd3d614-178c-4349-afd4-76476211b7fe	/jobs/bcd3d614-178c-4349-afd4-76476211b7fe/?gh_jid=bcd3d614-178c-4349-afd4-76476211b7fe
c051266c-3e00-4906-abd0-21f18db56b3f	/jobs/c051266c-3e00-4906-abd0-21f18db56b3f/?gh_jid=c051266c-3e00-4906-abd0-21f18db56b3f
c0e49670-51ca-461c-b0e2-4a06df01f692	/jobs/c0e49670-51ca-461c-b0e2-4a06df01f692/?gh_jid=c0e49670-51ca-461c-b0e2-4a06df01f692
c2651b2d-14c5-4bf7-9a35-90b3c939af10	/jobs/c2651b2d-14c5-4bf7-9a35-90b3c939af10/?gh_jid=c2651b2d-14c5-4bf7-9a35-90b3c939af10
c3a4256a-4525-443c-81d0-6f69e7c24805	/jobs/c3a4256a-4525-443c-81d0-6f69e7c24805/?gh_jid=c3a4256a-4525-443c-81d0-6f69e7c24805
c84945f0-b8e0-4272-b636-265d6611a8eb	/jobs/c84945f0-b8e0-4272-b636-265d6611a8eb/?gh_jid=c84945f0-b8e0-4272-b636-265d6611a8eb
c9e40dab-ae7d-4034-a335-b3e05d419672	/jobs/c9e40dab-ae7d-4034-a335-b3e05d419672/?gh_jid=c9e40dab-ae7d-4034-a335-b3e05d419672
cb958101-ede8-4f50-bf30-b3272d33f25f	/jobs/cb958101-ede8-4f50-bf30-b3272d33f25f/?gh_jid=cb958101-ede8-4f50-bf30-b3272d33f25f
cc83824e-a1cd-4bc7-9206-7264da9fbd61	/jobs/cc83824e-a1cd-4bc7-9206-7264da9fbd61/?gh_jid=cc83824e-a1cd-4bc7-9206-7264da9fbd61
cd6d8410-419b-4713-8d4d-7eb72b134d5a	/jobs/cd6d8410-419b-4713-8d4d-7eb72b134d5a/?gh_jid=cd6d8410-419b-4713-8d4d-7eb72b134d5a
d023afe5-f19f-42f7-a1dd-aa94a361b86f	/jobs/d023afe5-f19f-42f7-a1dd-aa94a361b86f/?gh_jid=d023afe5-f19f-42f7-a1dd-aa94a361b86f
d13e3179-e646-4873-84a6-d492a692bc25	/jobs/d13e3179-e646-4873-84a6-d492a692bc25/?gh_jid=d13e3179-e646-4873-84a6-d492a692bc25
d6f731e8-c530-4123-8b52-0e7cab164887	/jobs/d6f731e8-c530-4123-8b52-0e7cab164887/?gh_jid=d6f731e8-c530-4123-8b52-0e7cab164887
d73ae64d-5877-4ab6-ad42-0224702f3fba	/jobs/d73ae64d-5877-4ab6-ad42-0224702f3fba/?gh_jid=d73ae64d-5877-4ab6-ad42-0224702f3fba
dbd737b2-beed-4917-9948-dde4250929a8	/jobs/dbd737b2-beed-4917-9948-dde4250929a8/?gh_jid=dbd737b2-beed-4917-9948-dde4250929a8
dcb04687-9b4f-425d-8c37-1111cf3ccf3d	/jobs/dcb04687-9b4f-425d-8c37-1111cf3ccf3d/?gh_jid=dcb04687-9b4f-425d-8c37-1111cf3ccf3d
e0c94b6c-e08e-499b-aa62-b010993a9200	/jobs/e0c94b6c-e08e-499b-aa62-b010993a9200/?gh_jid=e0c94b6c-e08e-499b-aa62-b010993a9200
e69362bc-5891-486e-be75-6bf25187ccf5	/jobs/e69362bc-5891-486e-be75-6bf25187ccf5/?gh_jid=e69362bc-5891-486e-be75-6bf25187ccf5
e8cb16b0-d2f0-4cb4-a1a1-0f43d195cc9a	/jobs/e8cb16b0-d2f0-4cb4-a1a1-0f43d195cc9a/?gh_jid=e8cb16b0-d2f0-4cb4-a1a1-0f43d195cc9a
eb2f4124-9bd6-49f9-9636-03152c573f7d	/jobs/eb2f4124-9bd6-49f9-9636-03152c573f7d/?gh_jid=eb2f4124-9bd6-49f9-9636-03152c573f7d
eb7fbbdb-3346-4f7f-a202-8bfd3441217a	/jobs/eb7fbbdb-3346-4f7f-a202-8bfd3441217a/?gh_jid=eb7fbbdb-3346-4f7f-a202-8bfd3441217a
ef9f7dd2-5a88-49b4-a507-d5fc9cad565a	/jobs/ef9f7dd2-5a88-49b4-a507-d5fc9cad565a/?gh_jid=ef9f7dd2-5a88-49b4-a507-d5fc9cad565a
f0020863-db72-480f-916d-375986f86031	/jobs/f0020863-db72-480f-916d-375986f86031/?gh_jid=f0020863-db72-480f-916d-375986f86031
f0c26a3c-d999-4dc2-8812-b3835f633ded	/jobs/f0c26a3c-d999-4dc2-8812-b3835f633ded/?gh_jid=f0c26a3c-d999-4dc2-8812-b3835f633ded
f1ecf164-714c-4f1a-b672-d763f5724c03	/jobs/f1ecf164-714c-4f1a-b672-d763f5724c03/?gh_jid=f1ecf164-714c-4f1a-b672-d763f5724c03
f6320e9b-4eed-408d-8d37-d509fb0406ee	/jobs/f6320e9b-4eed-408d-8d37-d509fb0406ee/?gh_jid=f6320e9b-4eed-408d-8d37-d509fb0406ee
f714e85f-31df-494e-bac4-1dd61d4d6066	/jobs/f714e85f-31df-494e-bac4-1dd61d4d6066/?gh_jid=f714e85f-31df-494e-bac4-1dd61d4d6066
f72f1fa5-d3d6-459e-8722-a94ce92ad1c8	/jobs/f72f1fa5-d3d6-459e-8722-a94ce92ad1c8/?gh_jid=f72f1fa5-d3d6-459e-8722-a94ce92ad1c8
f8225008-00b5-415e-9a48-c9b6eba9363c	/jobs/f8225008-00b5-415e-9a48-c9b6eba9363c/?gh_jid=f8225008-00b5-415e-9a48-c9b6eba9363c
